images/olives0.jpg, 368, 398, 203, 221, 1
images/olives0.jpg, 343, 365, 207, 225, 1
images/olives0.jpg, 376, 394, 245, 261, 1
images/olives0.jpg, 384, 404, 236, 250, 1
images/olives0.jpg, 10, 22, 61, 73, 1
images/olives0.jpg, 2, 18, 69, 81, 1
images/olives0.jpg, 18, 28, 67, 77, 1
images/olives0.jpg, 26, 38, 72, 80, 1
images/olives0.jpg, 139, 157, 37, 47, 1
images/olives0.jpg, 72, 88, 152, 164, 1
images/olives0.jpg, 220, 232, 106, 116, 1
images/olives0.jpg, 199, 215, 110, 120, 1
images/olives0.jpg, 125, 135, 70, 78, 1
images/olives1.jpg, 323, 343, 104, 126, 4
images/olives1.jpg, 267, 287, 117, 135, 4
images/olives1.jpg, 209, 225, 192, 210, 4
images/olives1.jpg, 115, 135, 238, 258, 4
images/olives1.jpg, 399, 417, 114, 132, 5
images/olives1.jpg, 403, 425, 46, 66, 4
images/olives1.jpg, 271, 291, 277, 297, 4
images/olives1.jpg, 250, 268, 279, 301, 4
images/olives1.jpg, 259, 281, 161, 183, 2
images/olives2.jpg, 183, 199, 429, 441, 5
images/olives2.jpg, 56, 72, 379, 391, 4
images/olives3.jpg, 2, 14, 511, 523, 2
images/olives3.jpg, 0, 20, 524, 546, 4
images/olives3.jpg, 0, 12, 596, 622, 4
images/olives3.jpg, 28, 40, 672, 688, 4
images/olives3.jpg, 30, 46, 662, 678, 4
images/olives3.jpg, 27, 47, 652, 666, 4
images/olives3.jpg, 186, 200, 671, 687, 3
images/olives4.jpg, 208, 228, 273, 291, 1
images/olives5.jpg, 181, 199, 408, 424, 4
images/olives6.jpg, 171, 189, 422, 436, 4
images/olives7.jpg, 174, 196, 414, 428, 4
images/olives8.jpg, 47, 67, 360, 380, 4
images/olives9.jpg, 214, 232, 182, 202, 4
images/olives10.jpg, 65, 85, 413, 429, 1
images/olives11.jpg, 65, 85, 417, 433, 1
images/olives12.jpg, 265, 283, 289, 305, 4
images/olives13.jpg, 185, 199, 429, 441, 4
images/olives14.jpg, 209, 225, 365, 377, 4
images/olives15.jpg, 269, 293, 136, 158, 1
images/olives15.jpg, 336, 360, 244, 262, 1
images/olives15.jpg, 533, 555, 146, 166, 1
images/olives15.jpg, 506, 526, 133, 153, 1
images/olives15.jpg, 417, 439, 21, 41, 1
images/olives15.jpg, 429, 449, 142, 158, 1
images/olives15.jpg, 396, 412, 109, 125, 2
images/olives15.jpg, 350, 368, 85, 97, 2
images/olives15.jpg, 343, 359, 98, 112, 2
images/olives15.jpg, 320, 340, 76, 90, 2
images/olives15.jpg, 325, 339, 96, 106, 2
images/olives15.jpg, 327, 341, 109, 123, 2
images/olives15.jpg, 291, 307, 93, 109, 1
images/olives15.jpg, 217, 237, 95, 109, 2
images/olives15.jpg, 221, 241, 168, 186, 2
images/olives15.jpg, 286, 306, 254, 274, 1
images/olives15.jpg, 232, 252, 311, 325, 1
images/olives15.jpg, 187, 203, 315, 329, 1
images/olives15.jpg, 150, 168, 260, 272, 1
images/olives15.jpg, 129, 145, 248, 260, 1
images/olives15.jpg, 168, 186, 222, 232, 2
images/olives15.jpg, 143, 153, 262, 274, 1
images/olives15.jpg, 141, 157, 134, 150, 4
images/olives15.jpg, 121, 141, 133, 149, 3
images/olives15.jpg, 41, 61, 170, 186, 3
images/olives15.jpg, 303, 325, 150, 164, 2
images/olives15.jpg, 357, 373, 160, 174, 1
images/olives15.jpg, 234, 252, 181, 195, 1
images/olives15.jpg, 230, 248, 200, 216, 1
images/olives15.jpg, 386, 402, 121, 135, 1
images/olives15.jpg, 350, 366, 124, 138, 1
images/olives15.jpg, 342, 356, 135, 147, 2
images/olives15.jpg, 451, 465, 354, 366, 1
images/olives15.jpg, 470, 486, 340, 356, 1
images/olives16.jpg, 19, 37, 233, 249, 2
images/olives16.jpg, 58, 76, 414, 428, 2
images/olives16.jpg, 116, 138, 233, 249, 2
images/olives16.jpg, 136, 152, 270, 284, 2
images/olives16.jpg, 112, 130, 219, 235, 1
images/olives16.jpg, 157, 173, 231, 245, 2
images/olives16.jpg, 150, 164, 213, 231, 1
images/olives16.jpg, 159, 177, 309, 323, 3
images/olives16.jpg, 163, 187, 322, 338, 1
images/olives16.jpg, 152, 172, 415, 431, 2
images/olives16.jpg, 197, 219, 107, 123, 3
images/olives16.jpg, 206, 226, 181, 201, 3
images/olives16.jpg, 220, 234, 194, 212, 1
images/olives16.jpg, 216, 238, 215, 229, 2
images/olives16.jpg, 202, 216, 263, 279, 1
images/olives16.jpg, 193, 205, 415, 429, 1
images/olives16.jpg, 178, 194, 410, 422, 4
images/olives16.jpg, 214, 228, 318, 332, 3
images/olives16.jpg, 191, 209, 279, 293, 1
images/olives16.jpg, 255, 279, 152, 166, 2
images/olives16.jpg, 273, 293, 108, 120, 2
images/olives16.jpg, 287, 313, 159, 179, 3
images/olives16.jpg, 247, 267, 271, 287, 1
images/olives16.jpg, 269, 289, 267, 285, 3
images/olives16.jpg, 263, 279, 205, 223, 4
images/olives16.jpg, 276, 292, 403, 423, 1
images/olives16.jpg, 310, 326, 371, 385, 1
images/olives16.jpg, 299, 325, 88, 106, 2
images/olives16.jpg, 304, 322, 108, 122, 3
images/olives16.jpg, 309, 327, 120, 136, 4
images/olives16.jpg, 329, 351, 96, 110, 4
images/olives16.jpg, 327, 343, 111, 127, 2
images/olives16.jpg, 339, 355, 169, 189, 1
images/olives16.jpg, 323, 343, 253, 275, 2
images/olives16.jpg, 366, 386, 130, 144, 3
images/olives16.jpg, 411, 433, 151, 165, 3
images/olives16.jpg, 406, 426, 39, 53, 2
images/olives16.jpg, 385, 405, 1, 15, 3
images/olives16.jpg, 409, 427, 102, 120, 3
images/olives16.jpg, 436, 454, 35, 53, 2
images/olives16.jpg, 443, 467, 51, 69, 3
images/olives16.jpg, 434, 454, 362, 378, 1
images/olives16.jpg, 389, 409, 282, 306, 1
images/olives16.jpg, 486, 510, 146, 162, 2
images/olives16.jpg, 516, 536, 162, 178, 2
images/olives16.jpg, 527, 549, 176, 198, 2
images/olives16.jpg, 533, 561, 496, 516, 3
images/olives17.jpg, 2, 18, 275, 291, 3
images/olives17.jpg, 16, 36, 210, 224, 2
images/olives17.jpg, 110, 126, 206, 222, 2
images/olives17.jpg, 115, 137, 220, 236, 3
images/olives17.jpg, 29, 45, 242, 256, 4
images/olives17.jpg, 122, 132, 280, 292, 4
images/olives17.jpg, 116, 128, 255, 267, 3
images/olives17.jpg, 133, 149, 264, 280, 1
images/olives17.jpg, 132, 152, 311, 321, 1
images/olives17.jpg, 139, 151, 298, 310, 1
images/olives17.jpg, 148, 162, 201, 221, 1
images/olives17.jpg, 152, 168, 220, 234, 3
images/olives17.jpg, 202, 222, 179, 195, 4
images/olives17.jpg, 215, 233, 189, 207, 2
images/olives17.jpg, 212, 230, 206, 220, 2
images/olives17.jpg, 199, 215, 258, 276, 1
images/olives17.jpg, 189, 207, 274, 288, 1
images/olives17.jpg, 252, 274, 139, 155, 2
images/olives17.jpg, 265, 281, 110, 122, 2
images/olives17.jpg, 293, 313, 90, 104, 3
images/olives17.jpg, 286, 308, 151, 167, 3
images/olives17.jpg, 264, 286, 259, 277, 2
images/olives17.jpg, 247, 261, 269, 283, 1
images/olives17.jpg, 198, 218, 90, 104, 3
images/olives17.jpg, 321, 339, 97, 109, 4
images/olives17.jpg, 299, 313, 108, 122, 4
images/olives17.jpg, 303, 319, 120, 134, 4
images/olives17.jpg, 317, 335, 113, 127, 2
images/olives17.jpg, 335, 349, 161, 179, 1
images/olives17.jpg, 155, 175, 306, 322, 4
images/olives17.jpg, 163, 183, 320, 334, 1
images/olives17.jpg, 152, 172, 413, 431, 1
images/olives17.jpg, 178, 196, 410, 424, 4
images/olives17.jpg, 193, 207, 414, 430, 1
images/olives17.jpg, 275, 289, 408, 422, 1
images/olives17.jpg, 258, 278, 199, 211, 2
images/olives17.jpg, 320, 342, 250, 266, 3
images/olives17.jpg, 362, 380, 125, 139, 4
images/olives17.jpg, 398, 418, 96, 118, 3
images/olives17.jpg, 408, 428, 146, 160, 3
images/olives17.jpg, 478, 500, 140, 158, 2
images/olives17.jpg, 506, 528, 152, 168, 2
images/olives17.jpg, 508, 528, 168, 184, 4
images/olives17.jpg, 437, 459, 47, 65, 4
images/olives17.jpg, 400, 422, 36, 50, 3
images/olives17.jpg, 473, 491, 174, 194, 1
images/olives17.jpg, 477, 491, 300, 324, 1
images/olives17.jpg, 381, 405, 278, 294, 1
images/olives18.jpg, 7, 19, 284, 302, 3
images/olives18.jpg, 3, 19, 303, 319, 2
images/olives18.jpg, 11, 31, 218, 238, 2
images/olives18.jpg, 25, 43, 192, 206, 3
images/olives18.jpg, 31, 51, 172, 188, 3
images/olives18.jpg, 55, 75, 421, 437, 1
images/olives18.jpg, 53, 69, 445, 455, 1
images/olives18.jpg, 33, 51, 443, 457, 2
images/olives18.jpg, 47, 59, 436, 448, 2
images/olives18.jpg, 132, 148, 269, 287, 1
images/olives18.jpg, 111, 125, 263, 275, 2
images/olives18.jpg, 123, 135, 273, 291, 1
images/olives18.jpg, 144, 160, 214, 232, 1
images/olives18.jpg, 152, 164, 231, 247, 1
images/olives18.jpg, 104, 124, 217, 233, 1
images/olives18.jpg, 152, 166, 416, 430, 2
images/olives18.jpg, 111, 129, 382, 396, 3
images/olives18.jpg, 188, 204, 414, 434, 1
images/olives18.jpg, 161, 185, 322, 338, 4
images/olives18.jpg, 171, 187, 411, 423, 4
images/olives18.jpg, 188, 208, 282, 298, 1
images/olives18.jpg, 207, 229, 317, 333, 3
images/olives18.jpg, 201, 221, 185, 205, 4
images/olives18.jpg, 215, 229, 200, 216, 1
images/olives18.jpg, 208, 228, 216, 234, 1
images/olives18.jpg, 195, 211, 106, 124, 4
images/olives18.jpg, 265, 285, 119, 133, 4
images/olives18.jpg, 249, 273, 155, 171, 3
images/olives18.jpg, 284, 308, 162, 182, 4
images/olives18.jpg, 259, 273, 212, 228, 1
images/olives18.jpg, 230, 250, 206, 226, 2
images/olives18.jpg, 125, 141, 247, 263, 2
images/olives18.jpg, 264, 282, 273, 287, 4
images/olives18.jpg, 293, 317, 101, 117, 2
images/olives18.jpg, 297, 315, 120, 130, 4
images/olives18.jpg, 301, 319, 131, 145, 4
images/olives18.jpg, 316, 332, 123, 139, 2
images/olives18.jpg, 321, 341, 107, 123, 4
images/olives18.jpg, 333, 353, 172, 192, 2
images/olives18.jpg, 358, 378, 137, 153, 3
images/olives18.jpg, 400, 416, 110, 130, 4
images/olives18.jpg, 405, 425, 156, 174, 3
images/olives18.jpg, 381, 401, 289, 307, 3
images/olives18.jpg, 478, 498, 155, 173, 2
images/olives18.jpg, 504, 528, 170, 186, 2
images/olives18.jpg, 516, 540, 189, 203, 4
images/olives18.jpg, 431, 445, 392, 406, 3
images/olives18.jpg, 397, 413, 333, 347, 5
images/olives19.jpg, 20, 42, 210, 222, 2
images/olives19.jpg, 0, 20, 221, 237, 4
images/olives19.jpg, 5, 21, 259, 275, 2
images/olives19.jpg, 2, 16, 275, 293, 2
images/olives19.jpg, 113, 135, 207, 227, 2
images/olives19.jpg, 141, 153, 213, 229, 1
images/olives19.jpg, 121, 133, 261, 275, 4
images/olives19.jpg, 118, 138, 226, 244, 4
images/olives19.jpg, 154, 166, 206, 226, 1
images/olives19.jpg, 157, 177, 226, 242, 2
images/olives19.jpg, 143, 157, 274, 290, 2
images/olives19.jpg, 143, 159, 291, 305, 1
images/olives19.jpg, 137, 157, 306, 320, 1
images/olives19.jpg, 153, 173, 406, 418, 2
images/olives19.jpg, 176, 192, 400, 410, 4
images/olives19.jpg, 159, 179, 315, 333, 5
images/olives19.jpg, 173, 193, 328, 344, 4
images/olives19.jpg, 203, 217, 335, 349, 4
images/olives19.jpg, 216, 232, 324, 342, 3
images/olives19.jpg, 56, 76, 407, 421, 2
images/olives19.jpg, 49, 61, 422, 430, 2
images/olives19.jpg, 56, 72, 430, 440, 1
images/olives19.jpg, 215, 235, 195, 213, 4
images/olives19.jpg, 229, 243, 209, 223, 2
images/olives19.jpg, 217, 235, 216, 230, 2
images/olives19.jpg, 210, 230, 112, 128, 3
images/olives19.jpg, 256, 272, 293, 309, 3
images/olives19.jpg, 264, 288, 164, 182, 2
images/olives19.jpg, 271, 291, 133, 155, 4
images/olives19.jpg, 250, 272, 70, 86, 1
images/olives19.jpg, 301, 323, 121, 135, 4
images/olives19.jpg, 303, 325, 136, 148, 4
images/olives19.jpg, 310, 328, 147, 165, 5
images/olives19.jpg, 326, 344, 141, 157, 2
images/olives19.jpg, 296, 322, 173, 193, 3
images/olives19.jpg, 275, 295, 286, 300, 4
images/olives19.jpg, 305, 321, 312, 324, 1
images/olives19.jpg, 276, 294, 265, 277, 4
images/olives19.jpg, 285, 301, 423, 435, 3
images/olives19.jpg, 192, 204, 407, 423, 1
images/olives19.jpg, 328, 348, 126, 142, 4
images/olives19.jpg, 346, 364, 183, 203, 3
images/olives19.jpg, 333, 353, 271, 291, 4
images/olives19.jpg, 367, 387, 147, 165, 4
images/olives19.jpg, 370, 386, 121, 135, 2
images/olives19.jpg, 406, 422, 134, 150, 4
images/olives19.jpg, 393, 413, 22, 40, 5
images/olives19.jpg, 428, 448, 67, 87, 5
images/olives19.jpg, 455, 475, 70, 88, 5
images/olives19.jpg, 431, 449, 147, 165, 5
images/olives19.jpg, 456, 474, 149, 167, 2
images/olives19.jpg, 478, 496, 204, 232, 2
images/olives19.jpg, 487, 509, 175, 195, 2
images/olives19.jpg, 419, 437, 169, 183, 3
images/olives19.jpg, 392, 416, 303, 319, 4
images/olives19.jpg, 482, 500, 319, 339, 1
images/olives19.jpg, 511, 537, 190, 212, 2
images/olives19.jpg, 529, 547, 207, 227, 1
images/olives19.jpg, 482, 500, 69, 97, 1
images/olives20.jpg, 42, 60, 198, 216, 1
images/olives20.jpg, 29, 45, 267, 285, 3
images/olives20.jpg, 131, 151, 196, 218, 2
images/olives20.jpg, 138, 154, 217, 233, 4
images/olives20.jpg, 170, 184, 195, 215, 1
images/olives20.jpg, 179, 193, 218, 232, 1
images/olives20.jpg, 136, 152, 257, 271, 4
images/olives20.jpg, 160, 174, 270, 284, 1
images/olives20.jpg, 172, 182, 273, 289, 1
images/olives20.jpg, 152, 172, 284, 296, 1
images/olives20.jpg, 165, 183, 289, 303, 1
images/olives20.jpg, 117, 135, 380, 396, 1
images/olives20.jpg, 170, 188, 387, 401, 3
images/olives20.jpg, 180, 204, 311, 327, 4
images/olives20.jpg, 84, 100, 392, 404, 1
images/olives20.jpg, 79, 95, 336, 348, 4
images/olives20.jpg, 224, 238, 182, 202, 5
images/olives20.jpg, 272, 290, 122, 140, 4
images/olives20.jpg, 267, 287, 161, 177, 2
images/olives20.jpg, 252, 270, 152, 170, 5
images/olives20.jpg, 201, 213, 122, 134, 5
images/olives20.jpg, 265, 283, 269, 287, 5
images/olives20.jpg, 299, 321, 99, 119, 4
images/olives20.jpg, 303, 321, 118, 132, 5
images/olives20.jpg, 307, 325, 131, 147, 5
images/olives20.jpg, 326, 342, 127, 141, 2
images/olives20.jpg, 328, 346, 112, 126, 4
images/olives20.jpg, 300, 320, 161, 179, 3
images/olives20.jpg, 349, 367, 168, 188, 3
images/olives20.jpg, 256, 274, 192, 206, 3
images/olives20.jpg, 338, 354, 250, 270, 5
images/olives20.jpg, 357, 373, 271, 287, 1
images/olives20.jpg, 369, 389, 139, 153, 4
images/olives20.jpg, 405, 421, 114, 136, 4
images/olives20.jpg, 424, 438, 159, 173, 2
images/olives20.jpg, 461, 479, 131, 149, 2
images/olives20.jpg, 483, 507, 153, 171, 2
images/olives20.jpg, 512, 532, 169, 187, 2
images/olives20.jpg, 526, 546, 187, 201, 4
images/olives20.jpg, 532, 554, 114, 130, 4
images/olives20.jpg, 558, 580, 168, 190, 2
images/olives20.jpg, 559, 579, 192, 214, 1
images/olives20.jpg, 580, 600, 254, 274, 4
images/olives21.jpg, 116, 132, 134, 148, 1
images/olives21.jpg, 124, 140, 251, 261, 1
images/olives21.jpg, 146, 160, 262, 274, 1
images/olives21.jpg, 138, 148, 261, 275, 1
images/olives21.jpg, 215, 231, 171, 191, 1
images/olives21.jpg, 227, 243, 183, 199, 1
images/olives21.jpg, 210, 226, 96, 114, 1
images/olives21.jpg, 265, 285, 142, 156, 1
images/olives21.jpg, 281, 297, 98, 112, 1
images/olives21.jpg, 308, 328, 81, 95, 1
images/olives21.jpg, 313, 333, 99, 111, 1
images/olives21.jpg, 319, 337, 109, 123, 1
images/olives21.jpg, 280, 300, 258, 274, 1
images/olives21.jpg, 190, 206, 405, 419, 2
images/olives21.jpg, 204, 216, 409, 425, 1
images/olives21.jpg, 299, 321, 151, 169, 1
images/olives21.jpg, 335, 353, 248, 262, 1
images/olives21.jpg, 165, 183, 410, 426, 1
images/olives21.jpg, 338, 356, 85, 97, 2
images/olives21.jpg, 334, 350, 100, 112, 2
images/olives21.jpg, 348, 364, 157, 177, 1
images/olives21.jpg, 357, 375, 204, 222, 1
images/olives21.jpg, 444, 460, 352, 366, 1
images/olives21.jpg, 451, 467, 277, 291, 1
images/olives21.jpg, 451, 465, 556, 572, 1
images/olives21.jpg, 336, 350, 423, 435, 1
images/olives21.jpg, 410, 430, 25, 39, 1
images/olives21.jpg, 415, 433, 88, 108, 3
images/olives22.jpg, 124, 148, 224, 242, 1
images/olives22.jpg, 135, 155, 237, 253, 1
images/olives22.jpg, 156, 170, 276, 290, 1
images/olives22.jpg, 147, 157, 273, 291, 1
images/olives22.jpg, 180, 198, 315, 327, 1
images/olives22.jpg, 186, 208, 328, 340, 1
images/olives22.jpg, 226, 246, 192, 210, 3
images/olives22.jpg, 222, 240, 104, 118, 2
images/olives22.jpg, 221, 239, 269, 285, 1
images/olives22.jpg, 234, 252, 321, 337, 1
images/olives22.jpg, 222, 236, 332, 344, 1
images/olives22.jpg, 173, 189, 421, 437, 1
images/olives22.jpg, 196, 212, 416, 428, 4
images/olives22.jpg, 212, 222, 422, 436, 1
images/olives22.jpg, 232, 248, 218, 230, 3
images/olives22.jpg, 240, 254, 202, 218, 1
images/olives22.jpg, 278, 300, 152, 166, 2
images/olives22.jpg, 268, 288, 277, 295, 1
images/olives22.jpg, 290, 310, 273, 291, 2
images/olives22.jpg, 310, 334, 163, 181, 2
images/olives22.jpg, 293, 311, 116, 130, 1
images/olives22.jpg, 324, 344, 99, 113, 2
images/olives22.jpg, 329, 343, 117, 129, 2
images/olives22.jpg, 334, 348, 128, 142, 3
images/olives22.jpg, 346, 366, 118, 136, 1
images/olives22.jpg, 354, 372, 105, 121, 3
images/olives22.jpg, 362, 376, 171, 191, 1
images/olives22.jpg, 347, 365, 261, 279, 1
images/olives22.jpg, 316, 332, 304, 322, 1
images/olives22.jpg, 292, 304, 419, 431, 1
images/olives22.jpg, 298, 314, 428, 442, 1
images/olives22.jpg, 213, 231, 282, 300, 1
images/olives22.jpg, 138, 150, 265, 275, 1
images/olives22.jpg, 172, 190, 235, 249, 1
images/olives22.jpg, 329, 345, 537, 549, 4
images/olives22.jpg, 307, 323, 539, 553, 1
images/olives22.jpg, 291, 307, 595, 609, 2
images/olives22.jpg, 314, 334, 612, 624, 5
images/olives22.jpg, 316, 334, 600, 612, 5
images/olives22.jpg, 424, 446, 38, 52, 2
images/olives22.jpg, 386, 406, 134, 148, 3
images/olives22.jpg, 435, 457, 153, 171, 3
images/olives22.jpg, 432, 452, 113, 127, 4
images/olives22.jpg, 452, 474, 365, 379, 1
images/olives22.jpg, 502, 522, 182, 204, 1
images/olives22.jpg, 514, 532, 155, 173, 1
images/olives22.jpg, 507, 525, 332, 350, 1
images/olives22.jpg, 500, 512, 310, 334, 1
images/olives22.jpg, 539, 565, 166, 184, 2
images/olives23.jpg, 122, 136, 255, 269, 1
images/olives23.jpg, 142, 158, 267, 281, 1
images/olives23.jpg, 265, 285, 148, 164, 2
images/olives23.jpg, 314, 334, 87, 99, 2
images/olives23.jpg, 496, 516, 142, 158, 3
images/olives23.jpg, 210, 226, 102, 118, 3
images/olives23.jpg, 333, 353, 105, 121, 1
images/olives23.jpg, 523, 545, 156, 172, 2
images/olives23.jpg, 537, 557, 172, 192, 1
images/olives23.jpg, 117, 133, 208, 222, 1
images/olives23.jpg, 6, 24, 276, 290, 1
images/olives23.jpg, 213, 231, 178, 198, 3
images/olives23.jpg, 226, 244, 192, 208, 1
images/olives23.jpg, 220, 236, 207, 225, 4
images/olives23.jpg, 160, 174, 224, 240, 2
images/olives23.jpg, 175, 195, 324, 340, 2
images/olives23.jpg, 24, 40, 217, 231, 3
images/olives23.jpg, 39, 49, 244, 256, 4
images/olives23.jpg, 163, 179, 419, 433, 1
images/olives23.jpg, 201, 211, 419, 433, 1
images/olives23.jpg, 207, 227, 263, 277, 1
images/olives23.jpg, 63, 81, 417, 427, 1
images/olives23.jpg, 255, 275, 271, 285, 1
images/olives23.jpg, 377, 389, 129, 141, 2
images/olives23.jpg, 349, 363, 165, 187, 2
images/olives23.jpg, 385, 407, 112, 126, 4
images/olives23.jpg, 412, 434, 32, 48, 4
images/olives23.jpg, 454, 470, 47, 65, 4
images/olives23.jpg, 280, 300, 100, 120, 2
images/olives23.jpg, 393, 419, 281, 303, 1
images/olives23.jpg, 316, 334, 113, 127, 4
images/olives24.jpg, 291, 311, 290, 314, 3
images/olives24.jpg, 218, 234, 307, 325, 2
images/olives24.jpg, 282, 304, 146, 164, 4
images/olives24.jpg, 249, 277, 136, 156, 3
images/olives24.jpg, 85, 107, 244, 262, 1
images/olives24.jpg, 92, 114, 257, 279, 3
images/olives24.jpg, 123, 139, 325, 343, 1
images/olives24.jpg, 118, 138, 344, 356, 1
images/olives24.jpg, 127, 149, 260, 280, 2
images/olives24.jpg, 219, 239, 204, 220, 1
images/olives24.jpg, 266, 282, 171, 185, 4
images/olives24.jpg, 277, 297, 162, 178, 2
images/olives24.jpg, 300, 320, 213, 233, 1
images/olives24.jpg, 225, 245, 160, 180, 2
images/olives24.jpg, 257, 277, 157, 173, 4
images/olives24.jpg, 324, 344, 171, 191, 3
images/olives25.jpg, 10, 56, 419, 457, 1
images/olives25.jpg, 92, 138, 617, 655, 1
images/olives25.jpg, 89, 131, 654, 684, 1
images/olives25.jpg, 112, 164, 411, 445, 1
images/olives25.jpg, 72, 108, 527, 561, 1
images/olives25.jpg, 98, 138, 517, 547, 1
images/olives25.jpg, 193, 249, 364, 404, 1
images/olives25.jpg, 233, 279, 413, 451, 2
images/olives25.jpg, 168, 210, 520, 550, 1
images/olives25.jpg, 177, 229, 649, 683, 1
images/olives25.jpg, 141, 191, 677, 707, 1
images/olives25.jpg, 245, 295, 588, 628, 1
images/olives25.jpg, 263, 315, 640, 678, 1
images/olives25.jpg, 295, 341, 753, 783, 1
images/olives25.jpg, 354, 406, 497, 529, 1
images/olives25.jpg, 361, 407, 416, 450, 1
images/olives25.jpg, 449, 499, 401, 431, 2
images/olives25.jpg, 521, 561, 322, 352, 1
images/olives25.jpg, 495, 547, 360, 390, 1
images/olives25.jpg, 535, 587, 390, 430, 2
images/olives25.jpg, 427, 469, 500, 524, 2
images/olives25.jpg, 407, 449, 535, 567, 2
images/olives25.jpg, 452, 508, 582, 616, 2
images/olives25.jpg, 508, 548, 529, 561, 1
images/olives25.jpg, 302, 338, 596, 634, 2
images/olives25.jpg, 187, 229, 433, 465, 1
images/olives25.jpg, 95, 137, 453, 483, 2
images/olives25.jpg, 278, 318, 718, 748, 2
images/olives25.jpg, 216, 262, 774, 800, 1
images/olives26.jpg, 137, 183, 314, 372, 1
images/olives26.jpg, 137, 175, 372, 416, 1
images/olives26.jpg, 146, 186, 402, 464, 1
images/olives26.jpg, 202, 256, 637, 709, 1
images/olives26.jpg, 145, 193, 754, 800, 1
images/olives26.jpg, 193, 241, 724, 792, 1
images/olives26.jpg, 55, 109, 748, 800, 1
images/olives26.jpg, 235, 283, 733, 799, 1
images/olives26.jpg, 282, 328, 726, 800, 1
images/olives26.jpg, 274, 324, 302, 386, 1
images/olives26.jpg, 308, 346, 471, 521, 1
images/olives26.jpg, 300, 336, 115, 207, 1
images/olives26.jpg, 337, 375, 363, 421, 1
images/olives26.jpg, 373, 419, 4, 72, 1
images/olives26.jpg, 430, 482, 212, 284, 1
images/olives26.jpg, 423, 459, 181, 257, 1
images/olives26.jpg, 344, 374, 430, 516, 1
images/olives26.jpg, 261, 303, 585, 643, 1
images/olives27.jpg, 10, 34, 446, 462, 2
images/olives27.jpg, 208, 230, 4, 22, 2
images/olives27.jpg, 48, 76, 602, 622, 2
images/olives27.jpg, 83, 105, 577, 597, 2
images/olives27.jpg, 103, 127, 556, 574, 2
images/olives27.jpg, 207, 229, 743, 757, 2
images/olives27.jpg, 186, 206, 286, 304, 2
images/olives27.jpg, 255, 281, 251, 273, 2
images/olives27.jpg, 270, 296, 270, 288, 2
images/olives27.jpg, 278, 304, 321, 339, 2
images/olives27.jpg, 275, 299, 307, 323, 3
images/olives27.jpg, 270, 294, 228, 246, 2
images/olives27.jpg, 278, 306, 135, 153, 1
images/olives27.jpg, 219, 239, 352, 368, 2
images/olives27.jpg, 229, 255, 493, 511, 1
images/olives27.jpg, 233, 257, 509, 529, 2
images/olives27.jpg, 202, 220, 567, 583, 1
images/olives27.jpg, 274, 300, 422, 440, 1
images/olives27.jpg, 260, 284, 450, 468, 3
images/olives27.jpg, 239, 259, 580, 598, 2
images/olives27.jpg, 329, 351, 440, 456, 4
images/olives27.jpg, 327, 355, 461, 481, 2
images/olives27.jpg, 331, 355, 516, 538, 2
images/olives27.jpg, 307, 333, 605, 619, 3
images/olives27.jpg, 311, 337, 583, 597, 2
images/olives27.jpg, 313, 337, 596, 612, 2
images/olives27.jpg, 337, 361, 594, 614, 2
images/olives27.jpg, 356, 382, 466, 484, 3
images/olives27.jpg, 346, 370, 537, 557, 2
images/olives27.jpg, 395, 421, 552, 572, 2
images/olives27.jpg, 376, 398, 564, 586, 2
images/olives27.jpg, 351, 373, 320, 338, 2
images/olives27.jpg, 398, 420, 279, 299, 2
images/olives27.jpg, 413, 437, 290, 312, 1
images/olives27.jpg, 439, 463, 180, 200, 2
images/olives27.jpg, 452, 472, 151, 173, 2
images/olives27.jpg, 426, 450, 364, 384, 1
images/olives27.jpg, 436, 458, 386, 404, 2
images/olives27.jpg, 410, 434, 649, 667, 4
images/olives27.jpg, 442, 466, 580, 600, 2
images/olives27.jpg, 435, 457, 541, 561, 2
images/olives27.jpg, 411, 433, 544, 562, 2
images/olives27.jpg, 462, 486, 380, 404, 1
images/olives27.jpg, 448, 478, 650, 672, 2
images/olives27.jpg, 555, 585, 149, 169, 2
images/olives27.jpg, 453, 485, 33, 61, 2
images/olives28.jpg, 26, 62, 234, 260, 1
images/olives28.jpg, 41, 81, 263, 285, 1
images/olives28.jpg, 48, 88, 520, 550, 1
images/olives28.jpg, 54, 96, 503, 531, 1
images/olives28.jpg, 121, 161, 388, 422, 1
images/olives28.jpg, 99, 135, 372, 398, 1
images/olives28.jpg, 78, 112, 189, 215, 1
images/olives28.jpg, 104, 140, 225, 249, 1
images/olives28.jpg, 100, 132, 172, 192, 1
images/olives28.jpg, 120, 156, 148, 176, 1
images/olives28.jpg, 156, 190, 185, 203, 1
images/olives28.jpg, 159, 199, 256, 284, 1
images/olives28.jpg, 126, 162, 353, 371, 1
images/olives28.jpg, 201, 235, 319, 341, 1
images/olives28.jpg, 126, 170, 578, 608, 1
images/olives28.jpg, 105, 145, 709, 737, 1
images/olives28.jpg, 153, 187, 534, 562, 1
images/olives28.jpg, 157, 185, 29, 53, 1
images/olives28.jpg, 150, 182, 0, 20, 1
images/olives28.jpg, 121, 155, 0, 24, 1
images/olives28.jpg, 68, 96, 19, 41, 1
images/olives28.jpg, 173, 207, 56, 84, 1
images/olives28.jpg, 183, 213, 82, 108, 1
images/olives28.jpg, 294, 328, 17, 43, 1
images/olives28.jpg, 310, 356, 85, 119, 1
images/olives28.jpg, 343, 385, 137, 165, 1
images/olives28.jpg, 304, 344, 193, 231, 1
images/olives28.jpg, 294, 348, 278, 306, 1
images/olives28.jpg, 335, 375, 220, 252, 1
images/olives28.jpg, 420, 460, 169, 189, 1
images/olives28.jpg, 410, 464, 139, 169, 1
images/olives28.jpg, 417, 467, 254, 286, 1
images/olives28.jpg, 431, 475, 285, 317, 1
images/olives28.jpg, 496, 536, 159, 183, 1
images/olives28.jpg, 541, 583, 197, 227, 1
images/olives28.jpg, 536, 578, 260, 282, 1
images/olives28.jpg, 481, 535, 386, 416, 1
images/olives28.jpg, 566, 600, 445, 481, 1
images/olives28.jpg, 544, 598, 490, 516, 1
images/olives28.jpg, 535, 581, 512, 542, 1
images/olives28.jpg, 486, 534, 508, 544, 1
images/olives28.jpg, 429, 487, 484, 522, 1
images/olives28.jpg, 419, 465, 441, 473, 1
images/olives28.jpg, 385, 443, 410, 444, 1
images/olives28.jpg, 330, 366, 322, 340, 1
images/olives28.jpg, 349, 391, 409, 445, 1
images/olives28.jpg, 324, 366, 415, 449, 1
images/olives28.jpg, 270, 316, 463, 493, 1
images/olives28.jpg, 219, 267, 443, 479, 1
images/olives28.jpg, 185, 221, 428, 464, 1
images/olives28.jpg, 233, 281, 496, 522, 1
images/olives28.jpg, 207, 247, 591, 613, 1
images/olives28.jpg, 194, 232, 570, 598, 1
images/olives28.jpg, 183, 213, 543, 571, 1
images/olives28.jpg, 276, 326, 545, 577, 1
images/olives28.jpg, 253, 287, 575, 601, 1
images/olives28.jpg, 209, 251, 651, 685, 1
images/olives28.jpg, 254, 294, 643, 677, 1
images/olives28.jpg, 370, 412, 593, 629, 1
images/olives28.jpg, 386, 428, 623, 661, 1
images/olives28.jpg, 462, 518, 662, 702, 1
images/olives29.jpg, 0, 64, 106, 160, 1
images/olives29.jpg, 3, 75, 145, 209, 1
images/olives29.jpg, 39, 121, 225, 279, 1
images/olives29.jpg, 1, 55, 273, 337, 1
images/olives29.jpg, 82, 150, 285, 343, 1
images/olives29.jpg, 146, 218, 310, 372, 1
images/olives29.jpg, 260, 322, 269, 325, 1
images/olives29.jpg, 214, 288, 309, 371, 1
images/olives29.jpg, 257, 329, 395, 453, 1
images/olives29.jpg, 290, 378, 343, 395, 2
images/olives29.jpg, 334, 416, 229, 287, 1
images/olives29.jpg, 319, 409, 282, 340, 2
images/olives29.jpg, 370, 450, 127, 179, 1
images/olives29.jpg, 373, 441, 41, 91, 1
images/olives29.jpg, 509, 575, 75, 131, 1
images/olives29.jpg, 489, 545, 119, 167, 1
images/olives29.jpg, 434, 508, 288, 350, 1
images/olives29.jpg, 369, 433, 376, 432, 2
images/olives29.jpg, 348, 406, 443, 483, 3
images/olives29.jpg, 433, 507, 385, 437, 1
images/olives29.jpg, 379, 449, 327, 381, 1
images/olives29.jpg, 256, 324, 228, 284, 1
images/olives29.jpg, 249, 317, 96, 142, 1
images/olives29.jpg, 216, 266, 124, 180, 1
images/olives30.jpg, 69, 109, 147, 173, 1
images/olives30.jpg, 101, 141, 175, 195, 1
images/olives30.jpg, 79, 105, 68, 88, 1
images/olives30.jpg, 64, 92, 196, 222, 1
images/olives30.jpg, 50, 82, 239, 265, 1
images/olives30.jpg, 111, 143, 260, 284, 1
images/olives30.jpg, 154, 186, 312, 340, 1
images/olives30.jpg, 310, 338, 306, 328, 1
images/olives30.jpg, 326, 362, 219, 239, 1
images/olives30.jpg, 378, 414, 173, 195, 1
images/olives30.jpg, 379, 405, 187, 207, 1
images/olives30.jpg, 411, 439, 173, 189, 1
images/olives30.jpg, 409, 445, 159, 177, 1
images/olives30.jpg, 388, 418, 233, 247, 1
images/olives30.jpg, 382, 412, 221, 235, 1
images/olives30.jpg, 371, 399, 242, 262, 1
images/olives30.jpg, 352, 380, 249, 273, 1
images/olives30.jpg, 405, 441, 344, 364, 1
images/olives30.jpg, 552, 584, 352, 376, 1
images/olives30.jpg, 199, 249, 407, 435, 1
images/olives30.jpg, 359, 391, 356, 378, 1
images/olives30.jpg, 197, 233, 429, 457, 1
images/olives30.jpg, 115, 145, 446, 466, 1
images/olives30.jpg, 186, 222, 460, 488, 1
images/olives30.jpg, 193, 229, 481, 505, 1
images/olives30.jpg, 160, 198, 474, 504, 1
images/olives30.jpg, 136, 164, 473, 499, 1
images/olives30.jpg, 50, 86, 499, 525, 1
images/olives30.jpg, 48, 82, 548, 568, 1
images/olives30.jpg, 9, 45, 587, 613, 1
images/olives30.jpg, 63, 97, 609, 635, 1
images/olives30.jpg, 183, 217, 572, 594, 1
images/olives30.jpg, 388, 424, 383, 405, 1
images/olives30.jpg, 325, 361, 370, 392, 1
images/olives30.jpg, 320, 366, 386, 408, 1
images/olives30.jpg, 337, 379, 404, 424, 1
images/olives30.jpg, 343, 381, 430, 452, 1
images/olives30.jpg, 281, 315, 416, 444, 1
images/olives30.jpg, 295, 341, 434, 460, 1
images/olives30.jpg, 324, 370, 466, 490, 1
images/olives30.jpg, 321, 357, 482, 504, 1
images/olives30.jpg, 309, 339, 496, 520, 1
images/olives30.jpg, 267, 297, 521, 551, 1
images/olives30.jpg, 216, 248, 458, 482, 1
images/olives30.jpg, 281, 321, 591, 613, 1
images/olives30.jpg, 349, 377, 654, 678, 1
images/olives30.jpg, 368, 402, 642, 664, 1
images/olives30.jpg, 377, 409, 670, 690, 1
images/olives30.jpg, 367, 393, 697, 723, 1
images/olives30.jpg, 406, 442, 623, 641, 1
images/olives30.jpg, 441, 463, 615, 641, 1
images/olives30.jpg, 466, 502, 601, 621, 1
images/olives30.jpg, 486, 528, 593, 615, 1
images/olives30.jpg, 491, 533, 613, 633, 1
images/olives30.jpg, 519, 545, 600, 622, 1
images/olives30.jpg, 566, 596, 511, 533, 1
images/olives30.jpg, 441, 473, 667, 689, 1
images/olives30.jpg, 509, 537, 658, 680, 1
images/olives30.jpg, 540, 576, 674, 694, 1
images/olives30.jpg, 580, 600, 664, 690, 1
images/olives30.jpg, 540, 578, 695, 715, 1
images/olives30.jpg, 577, 599, 705, 733, 1
images/olives30.jpg, 431, 453, 464, 488, 1
images/olives30.jpg, 438, 474, 449, 469, 1
images/olives31.jpg, 0, 22, 82, 106, 2
images/olives31.jpg, 0, 30, 192, 214, 1
images/olives31.jpg, 0, 18, 270, 296, 1
images/olives31.jpg, 32, 66, 160, 180, 1
images/olives31.jpg, 41, 69, 203, 225, 1
images/olives31.jpg, 53, 73, 132, 150, 1
images/olives31.jpg, 62, 92, 175, 195, 2
images/olives31.jpg, 73, 89, 191, 213, 1
images/olives31.jpg, 59, 83, 225, 245, 1
images/olives31.jpg, 72, 104, 265, 287, 1
images/olives31.jpg, 103, 133, 268, 292, 1
images/olives31.jpg, 101, 131, 244, 264, 1
images/olives31.jpg, 106, 134, 10, 30, 1
images/olives31.jpg, 104, 140, 176, 202, 1
images/olives31.jpg, 113, 143, 40, 60, 1
images/olives31.jpg, 0, 22, 374, 392, 1
images/olives31.jpg, 44, 64, 359, 381, 2
images/olives31.jpg, 67, 95, 370, 390, 2
images/olives31.jpg, 93, 121, 389, 403, 1
images/olives31.jpg, 76, 98, 423, 443, 1
images/olives31.jpg, 53, 77, 424, 450, 1
images/olives31.jpg, 201, 231, 267, 285, 1
images/olives31.jpg, 137, 167, 364, 384, 1
images/olives31.jpg, 132, 162, 412, 432, 1
images/olives31.jpg, 130, 150, 428, 448, 1
images/olives31.jpg, 214, 236, 37, 57, 1
images/olives31.jpg, 223, 247, 25, 43, 1
images/olives31.jpg, 204, 226, 140, 160, 1
images/olives31.jpg, 239, 261, 121, 135, 2
images/olives31.jpg, 237, 259, 111, 123, 1
images/olives31.jpg, 248, 262, 171, 193, 1
images/olives31.jpg, 231, 251, 173, 195, 1
images/olives31.jpg, 241, 271, 267, 291, 1
images/olives31.jpg, 269, 295, 260, 280, 1
images/olives31.jpg, 302, 332, 157, 179, 2
images/olives31.jpg, 282, 312, 163, 185, 1
images/olives31.jpg, 327, 351, 175, 195, 1
images/olives31.jpg, 300, 324, 204, 228, 1
images/olives31.jpg, 347, 381, 196, 224, 1
images/olives31.jpg, 329, 359, 220, 244, 2
images/olives31.jpg, 340, 366, 32, 54, 2
images/olives31.jpg, 323, 351, 244, 268, 2
images/olives31.jpg, 290, 324, 244, 264, 1
images/olives31.jpg, 296, 330, 258, 284, 1
images/olives31.jpg, 290, 320, 280, 302, 1
images/olives31.jpg, 243, 275, 313, 335, 1
images/olives31.jpg, 231, 261, 330, 354, 1
images/olives31.jpg, 209, 229, 347, 369, 1
images/olives31.jpg, 188, 218, 390, 408, 1
images/olives31.jpg, 169, 193, 365, 389, 1
images/olives31.jpg, 187, 211, 406, 434, 1
images/olives31.jpg, 242, 272, 402, 424, 1
images/olives31.jpg, 291, 319, 374, 394, 1
images/olives31.jpg, 322, 352, 365, 387, 1
images/olives31.jpg, 322, 350, 404, 424, 1
images/olives31.jpg, 334, 362, 382, 406, 1
images/olives31.jpg, 348, 376, 393, 415, 1
images/olives31.jpg, 259, 283, 433, 451, 1
images/olives31.jpg, 255, 277, 422, 442, 1
images/olives31.jpg, 224, 246, 480, 502, 1
images/olives31.jpg, 264, 292, 485, 511, 1
images/olives31.jpg, 321, 349, 480, 500, 1
images/olives31.jpg, 340, 368, 469, 495, 1
images/olives31.jpg, 359, 383, 450, 478, 1
images/olives31.jpg, 194, 222, 519, 539, 1
images/olives31.jpg, 291, 329, 560, 582, 1
images/olives31.jpg, 282, 306, 520, 540, 1
images/olives31.jpg, 300, 332, 585, 603, 1
images/olives31.jpg, 277, 305, 578, 600, 1
images/olives31.jpg, 394, 428, 293, 315, 1
images/olives31.jpg, 511, 543, 202, 228, 1
images/olives31.jpg, 556, 592, 198, 222, 1
images/olives31.jpg, 563, 597, 160, 184, 1
images/olives31.jpg, 400, 422, 124, 146, 1
images/olives31.jpg, 418, 440, 132, 156, 1
images/olives31.jpg, 512, 544, 304, 326, 1
images/olives31.jpg, 413, 435, 177, 197, 1
images/olives31.jpg, 538, 566, 271, 291, 1
images/olives31.jpg, 527, 549, 278, 296, 1
images/olives31.jpg, 562, 590, 298, 318, 1
images/olives31.jpg, 10, 44, 759, 785, 1
images/olives31.jpg, 16, 52, 780, 800, 1
images/olives31.jpg, 84, 118, 711, 735, 1
images/olives31.jpg, 130, 152, 617, 641, 1
images/olives31.jpg, 139, 161, 640, 672, 1
images/olives31.jpg, 161, 189, 718, 752, 1
images/olives31.jpg, 164, 206, 750, 772, 1
images/olives31.jpg, 155, 189, 765, 789, 1
images/olives31.jpg, 332, 366, 774, 794, 1
images/olives31.jpg, 321, 349, 740, 758, 1
images/olives31.jpg, 294, 316, 708, 728, 1
images/olives31.jpg, 361, 385, 147, 169, 1
images/olives31.jpg, 443, 479, 295, 315, 1
images/olives31.jpg, 335, 355, 697, 717, 1
images/olives31.jpg, 312, 336, 694, 718, 1
images/olives31.jpg, 372, 396, 647, 671, 1
images/olives31.jpg, 386, 420, 636, 664, 1
images/olives31.jpg, 360, 386, 597, 625, 1
images/olives31.jpg, 378, 402, 593, 617, 1
images/olives31.jpg, 452, 484, 706, 730, 1
images/olives31.jpg, 357, 385, 711, 729, 1
images/olives31.jpg, 418, 444, 701, 717, 1
images/olives31.jpg, 377, 413, 477, 501, 1
images/olives31.jpg, 402, 430, 472, 492, 1
images/olives31.jpg, 500, 534, 697, 717, 1
images/olives31.jpg, 488, 520, 670, 696, 1
images/olives31.jpg, 523, 549, 438, 458, 1
images/olives31.jpg, 482, 508, 510, 530, 1
images/olives31.jpg, 551, 587, 344, 366, 1
images/olives31.jpg, 473, 495, 488, 504, 1
images/olives31.jpg, 525, 553, 350, 366, 1
images/olives32.jpg, 410, 460, 53, 89, 2
images/olives32.jpg, 397, 443, 92, 128, 5
images/olives32.jpg, 348, 382, 54, 84, 1
images/olives32.jpg, 321, 369, 78, 116, 5
images/olives32.jpg, 181, 221, 98, 126, 5
images/olives32.jpg, 119, 149, 107, 131, 5
images/olives32.jpg, 110, 138, 122, 146, 5
images/olives32.jpg, 3, 43, 67, 99, 5
images/olives32.jpg, 212, 268, 590, 628, 2
images/olives32.jpg, 557, 585, 102, 120, 3
images/olives32.jpg, 542, 570, 82, 110, 1
images/olives32.jpg, 536, 562, 107, 139, 3
images/olives32.jpg, 381, 437, 599, 641, 5
images/olives32.jpg, 407, 467, 569, 623, 5
images/olives32.jpg, 362, 416, 545, 585, 5
images/olives32.jpg, 241, 291, 543, 589, 5
images/olives32.jpg, 319, 349, 538, 568, 5
images/olives32.jpg, 305, 353, 496, 522, 5
images/olives32.jpg, 303, 349, 470, 502, 5
images/olives32.jpg, 268, 312, 461, 493, 5
images/olives32.jpg, 149, 177, 357, 373, 5
images/olives32.jpg, 150, 182, 369, 389, 5
images/olives32.jpg, 195, 223, 379, 403, 5
images/olives33.jpg, 89, 113, 559, 579, 2
images/olives33.jpg, 13, 37, 480, 500, 3
images/olives33.jpg, 17, 39, 457, 473, 3
images/olives33.jpg, 39, 61, 465, 483, 3
images/olives33.jpg, 37, 57, 482, 500, 3
images/olives33.jpg, 59, 79, 462, 478, 4
images/olives33.jpg, 77, 99, 463, 481, 4
images/olives33.jpg, 75, 99, 318, 334, 4
images/olives33.jpg, 90, 112, 325, 341, 4
images/olives33.jpg, 94, 114, 313, 329, 4
images/olives33.jpg, 121, 143, 391, 405, 3
images/olives33.jpg, 136, 156, 356, 370, 4
images/olives33.jpg, 136, 158, 362, 376, 4
images/olives33.jpg, 137, 157, 337, 355, 4
images/olives33.jpg, 155, 177, 350, 368, 4
images/olives33.jpg, 158, 176, 393, 409, 3
images/olives33.jpg, 174, 200, 374, 390, 2
images/olives33.jpg, 192, 218, 385, 401, 3
images/olives33.jpg, 176, 200, 411, 427, 3
images/olives33.jpg, 143, 161, 428, 444, 4
images/olives33.jpg, 159, 183, 434, 450, 4
images/olives33.jpg, 176, 198, 444, 456, 4
images/olives33.jpg, 172, 196, 453, 467, 5
images/olives33.jpg, 180, 202, 466, 480, 4
images/olives33.jpg, 103, 121, 466, 482, 3
images/olives33.jpg, 110, 134, 511, 527, 3
images/olives33.jpg, 127, 155, 498, 520, 3
images/olives33.jpg, 131, 155, 523, 543, 3
images/olives33.jpg, 146, 172, 538, 558, 3
images/olives33.jpg, 123, 147, 573, 591, 3
images/olives33.jpg, 132, 156, 556, 574, 3
images/olives33.jpg, 142, 162, 570, 586, 2
images/olives33.jpg, 159, 181, 553, 569, 3
images/olives33.jpg, 154, 178, 565, 581, 3
images/olives33.jpg, 169, 193, 520, 538, 2
images/olives33.jpg, 177, 201, 553, 571, 4
images/olives33.jpg, 193, 219, 510, 530, 3
images/olives33.jpg, 190, 214, 540, 560, 3
images/olives33.jpg, 213, 235, 597, 613, 2
images/olives33.jpg, 212, 232, 307, 323, 4
images/olives33.jpg, 184, 206, 286, 302, 4
images/olives33.jpg, 240, 264, 282, 298, 4
images/olives33.jpg, 237, 259, 313, 329, 4
images/olives33.jpg, 236, 258, 332, 348, 4
images/olives33.jpg, 266, 290, 303, 319, 4
images/olives33.jpg, 274, 298, 310, 328, 5
images/olives33.jpg, 277, 299, 331, 351, 3
images/olives33.jpg, 296, 318, 342, 358, 5
images/olives33.jpg, 306, 332, 354, 372, 5
images/olives33.jpg, 297, 315, 366, 380, 4
images/olives33.jpg, 336, 362, 417, 433, 3
images/olives33.jpg, 276, 300, 357, 371, 3
images/olives33.jpg, 274, 298, 365, 383, 3
images/olives33.jpg, 224, 244, 430, 448, 5
images/olives33.jpg, 231, 255, 466, 482, 5
images/olives33.jpg, 221, 243, 453, 469, 5
images/olives33.jpg, 350, 372, 351, 365, 3
images/olives33.jpg, 361, 385, 360, 376, 4
images/olives33.jpg, 274, 298, 505, 523, 3
images/olives33.jpg, 272, 296, 521, 539, 3
images/olives33.jpg, 214, 240, 530, 548, 4
images/olives33.jpg, 208, 232, 559, 579, 3
images/olives33.jpg, 392, 424, 717, 739, 3
images/olives33.jpg, 388, 412, 693, 707, 3
images/olives33.jpg, 446, 468, 381, 403, 3
images/olives33.jpg, 410, 440, 325, 353, 3
images/olives33.jpg, 460, 486, 311, 333, 3
images/olives33.jpg, 458, 486, 338, 360, 3
images/olives33.jpg, 474, 506, 333, 357, 3
images/olives33.jpg, 509, 537, 537, 559, 3
images/olives33.jpg, 546, 582, 480, 504, 3
images/olives33.jpg, 482, 506, 360, 376, 4
images/olives33.jpg, 481, 509, 373, 387, 2
images/olives33.jpg, 500, 524, 353, 371, 5
images/olives33.jpg, 506, 528, 322, 338, 4
images/olives33.jpg, 489, 507, 304, 318, 4
images/olives33.jpg, 502, 520, 305, 319, 4
images/olives33.jpg, 511, 535, 297, 311, 4
images/olives33.jpg, 467, 487, 299, 311, 2
images/olives33.jpg, 534, 554, 280, 294, 4
images/olives33.jpg, 542, 566, 230, 244, 2
images/olives33.jpg, 491, 509, 205, 219, 2
images/olives33.jpg, 481, 503, 166, 182, 2
images/olives33.jpg, 553, 577, 164, 178, 3
images/olives33.jpg, 588, 600, 129, 145, 4
images/olives33.jpg, 586, 600, 89, 105, 3
images/olives33.jpg, 559, 587, 93, 109, 3
images/olives33.jpg, 537, 557, 114, 130, 4
images/olives33.jpg, 500, 524, 107, 123, 4
images/olives33.jpg, 510, 534, 62, 78, 2
images/olives33.jpg, 502, 524, 78, 96, 3
images/olives33.jpg, 455, 481, 71, 87, 2
images/olives33.jpg, 450, 474, 87, 105, 3
images/olives33.jpg, 411, 435, 204, 218, 3
images/olives33.jpg, 441, 461, 154, 170, 3
images/olives33.jpg, 394, 420, 165, 185, 4
images/olives33.jpg, 369, 391, 154, 170, 3
images/olives33.jpg, 317, 339, 106, 122, 4
images/olives33.jpg, 386, 408, 188, 204, 2
images/olives33.jpg, 312, 326, 117, 135, 3
images/olives33.jpg, 362, 384, 205, 219, 3
images/olives33.jpg, 306, 328, 237, 253, 4
images/olives33.jpg, 268, 284, 161, 175, 5
images/olives33.jpg, 273, 293, 203, 219, 3
images/olives33.jpg, 271, 287, 217, 231, 4
images/olives33.jpg, 279, 297, 220, 236, 4
images/olives33.jpg, 399, 423, 82, 96, 4
images/olives33.jpg, 379, 405, 106, 124, 4
images/olives33.jpg, 416, 440, 97, 113, 5
images/olives33.jpg, 177, 201, 123, 139, 4
images/olives33.jpg, 171, 193, 109, 127, 4
images/olives33.jpg, 201, 219, 124, 140, 2
images/olives33.jpg, 195, 217, 111, 127, 4
images/olives33.jpg, 215, 233, 167, 181, 4
images/olives33.jpg, 202, 222, 169, 185, 5
images/olives33.jpg, 241, 261, 167, 181, 4
images/olives33.jpg, 249, 269, 158, 172, 4
images/olives33.jpg, 214, 232, 150, 164, 4
images/olives33.jpg, 223, 241, 127, 145, 5
images/olives33.jpg, 201, 225, 282, 300, 5
images/olives33.jpg, 354, 378, 606, 622, 4
images/olives33.jpg, 337, 365, 590, 608, 2
images/olives33.jpg, 374, 400, 613, 637, 3
images/olives33.jpg, 395, 423, 620, 642, 3
images/olives33.jpg, 402, 434, 642, 664, 2
images/olives33.jpg, 416, 446, 659, 685, 3
images/olives33.jpg, 323, 353, 609, 627, 3
images/olives33.jpg, 415, 447, 779, 795, 2
images/olives33.jpg, 436, 460, 760, 776, 3
images/olives33.jpg, 462, 484, 774, 792, 5
images/olives33.jpg, 449, 473, 786, 800, 3
images/olives33.jpg, 444, 466, 671, 687, 3
images/olives33.jpg, 473, 503, 694, 714, 4
images/olives33.jpg, 428, 456, 612, 630, 5
images/olives33.jpg, 328, 360, 469, 487, 2
images/olives33.jpg, 486, 508, 676, 694, 3
images/olives33.jpg, 509, 533, 673, 689, 5
images/olives33.jpg, 503, 527, 719, 739, 4
images/olives33.jpg, 516, 540, 705, 723, 4
images/olives33.jpg, 507, 535, 742, 758, 2
images/olives33.jpg, 488, 514, 752, 766, 4
images/olives33.jpg, 485, 509, 764, 778, 4
images/olives33.jpg, 525, 551, 662, 678, 5
images/olives33.jpg, 563, 591, 706, 726, 5
images/olives33.jpg, 582, 600, 724, 742, 5
images/olives33.jpg, 566, 590, 734, 752, 4
images/olives33.jpg, 568, 594, 771, 789, 3
images/olives33.jpg, 578, 600, 744, 762, 4
images/olives34.jpg, 8, 88, 70, 132, 1
images/olives34.jpg, 56, 158, 126, 198, 1
images/olives34.jpg, 351, 435, 222, 292, 1
images/olives34.jpg, 437, 477, 186, 212, 1
images/olives34.jpg, 442, 472, 212, 238, 1
images/olives34.jpg, 418, 448, 156, 178, 2
images/olives34.jpg, 430, 466, 140, 166, 1
images/olives34.jpg, 368, 432, 423, 483, 1
images/olives34.jpg, 405, 469, 421, 459, 1
images/olives34.jpg, 395, 441, 491, 515, 1
images/olives34.jpg, 505, 555, 531, 563, 1
images/olives34.jpg, 312, 374, 545, 589, 1
images/olives34.jpg, 385, 433, 610, 646, 1
images/olives34.jpg, 471, 509, 462, 502, 1
images/olives34.jpg, 479, 505, 393, 425, 1
images/olives34.jpg, 566, 600, 469, 505, 1
images/olives34.jpg, 328, 372, 292, 330, 1
images/olives34.jpg, 284, 320, 317, 353, 1
images/olives34.jpg, 344, 390, 704, 754, 1
images/olives34.jpg, 316, 372, 742, 800, 1
images/olives34.jpg, 410, 452, 559, 593, 1
images/olives34.jpg, 253, 291, 447, 487, 1
images/olives34.jpg, 206, 262, 424, 466, 1
images/olives34.jpg, 174, 234, 460, 500, 1
images/olives34.jpg, 173, 209, 543, 583, 1
images/olives34.jpg, 209, 247, 756, 796, 1
images/olives34.jpg, 229, 255, 685, 707, 1
images/olives34.jpg, 178, 216, 692, 724, 1
images/olives34.jpg, 159, 187, 646, 680, 1
images/olives34.jpg, 108, 144, 638, 676, 1
images/olives34.jpg, 52, 88, 646, 680, 1
images/olives34.jpg, 29, 49, 704, 730, 1
images/olives34.jpg, 12, 32, 694, 718, 1
images/olives34.jpg, 28, 50, 751, 777, 1
images/olives34.jpg, 78, 106, 526, 560, 1
images/olives34.jpg, 32, 64, 399, 421, 1
images/olives34.jpg, 10, 36, 430, 452, 1
images/olives34.jpg, 110, 158, 434, 466, 1
images/olives35.jpg, 35, 63, 291, 323, 2
images/olives35.jpg, 14, 46, 271, 315, 1
images/olives35.jpg, 7, 35, 319, 347, 1
images/olives35.jpg, 52, 94, 293, 335, 2
images/olives35.jpg, 71, 111, 285, 321, 2
images/olives35.jpg, 3, 41, 365, 401, 5
images/olives35.jpg, 24, 60, 343, 385, 4
images/olives35.jpg, 92, 132, 342, 386, 4
images/olives35.jpg, 133, 171, 385, 421, 2
images/olives35.jpg, 111, 145, 412, 440, 5
images/olives35.jpg, 110, 146, 435, 467, 2
images/olives35.jpg, 80, 118, 439, 481, 2
images/olives35.jpg, 51, 89, 451, 483, 2
images/olives35.jpg, 17, 51, 435, 481, 1
images/olives35.jpg, 30, 70, 472, 500, 1
images/olives35.jpg, 58, 86, 491, 525, 1
images/olives35.jpg, 12, 38, 495, 525, 1
images/olives35.jpg, 162, 196, 363, 393, 5
images/olives35.jpg, 115, 163, 522, 566, 5
images/olives35.jpg, 174, 214, 537, 575, 5
images/olives35.jpg, 170, 198, 569, 607, 5
images/olives35.jpg, 224, 256, 469, 495, 5
images/olives35.jpg, 224, 246, 449, 473, 3
images/olives35.jpg, 219, 245, 419, 441, 5
images/olives35.jpg, 235, 265, 386, 414, 2
images/olives35.jpg, 262, 290, 420, 444, 1
images/olives35.jpg, 189, 211, 445, 465, 4
images/olives35.jpg, 182, 200, 487, 505, 2
images/olives35.jpg, 199, 221, 484, 506, 4
images/olives35.jpg, 194, 218, 501, 521, 4
images/olives35.jpg, 200, 228, 513, 537, 4
images/olives35.jpg, 237, 265, 440, 460, 4
images/olives35.jpg, 272, 302, 316, 348, 1
images/olives35.jpg, 293, 325, 345, 375, 4
images/olives35.jpg, 285, 317, 378, 406, 1
images/olives35.jpg, 256, 280, 372, 394, 4
images/olives35.jpg, 284, 320, 409, 439, 5
images/olives35.jpg, 262, 282, 404, 428, 1
images/olives35.jpg, 299, 337, 466, 506, 4
images/olives35.jpg, 285, 309, 464, 500, 5
images/olives35.jpg, 316, 338, 441, 463, 1
images/olives35.jpg, 337, 353, 428, 450, 1
images/olives35.jpg, 338, 354, 455, 479, 1
images/olives35.jpg, 361, 403, 431, 463, 1
images/olives35.jpg, 364, 400, 544, 578, 1
images/olives35.jpg, 388, 434, 479, 511, 2
images/olives35.jpg, 425, 451, 459, 479, 4
images/olives35.jpg, 446, 478, 460, 484, 5
images/olives35.jpg, 409, 449, 424, 456, 4
images/olives35.jpg, 439, 481, 410, 444, 4
images/olives35.jpg, 480, 524, 425, 457, 1
images/olives35.jpg, 488, 512, 477, 503, 1
images/olives35.jpg, 511, 537, 488, 508, 1
images/olives35.jpg, 514, 538, 475, 491, 2
images/olives35.jpg, 530, 558, 449, 473, 1
images/olives35.jpg, 505, 529, 465, 485, 1
images/olives35.jpg, 536, 566, 503, 523, 1
images/olives35.jpg, 556, 588, 492, 524, 1
images/olives35.jpg, 514, 550, 537, 567, 1
images/olives35.jpg, 492, 520, 528, 558, 1
images/olives35.jpg, 436, 480, 494, 530, 3
images/olives35.jpg, 435, 485, 534, 574, 1
images/olives35.jpg, 399, 441, 562, 590, 4
images/olives35.jpg, 388, 422, 593, 635, 2
images/olives35.jpg, 396, 432, 657, 697, 1
images/olives35.jpg, 418, 456, 677, 719, 1
images/olives35.jpg, 440, 474, 666, 698, 1
images/olives35.jpg, 428, 456, 642, 670, 3
images/olives35.jpg, 441, 493, 632, 668, 4
images/olives35.jpg, 419, 453, 617, 647, 2
images/olives35.jpg, 481, 515, 604, 636, 2
images/olives35.jpg, 453, 493, 579, 615, 4
images/olives35.jpg, 513, 563, 562, 600, 1
images/olives35.jpg, 513, 545, 601, 625, 5
images/olives35.jpg, 511, 551, 622, 654, 5
images/olives35.jpg, 493, 541, 639, 667, 1
images/olives35.jpg, 500, 548, 663, 701, 4
images/olives35.jpg, 570, 600, 708, 736, 1
images/olives35.jpg, 456, 488, 782, 800, 5
images/olives35.jpg, 348, 396, 22, 58, 1
images/olives35.jpg, 324, 364, 90, 130, 1
images/olives35.jpg, 306, 350, 76, 110, 1
images/olives35.jpg, 358, 390, 64, 98, 1
images/olives35.jpg, 374, 408, 43, 89, 3
images/olives35.jpg, 355, 403, 122, 156, 5
images/olives35.jpg, 384, 420, 96, 138, 1
images/olives35.jpg, 406, 438, 116, 152, 1
images/olives35.jpg, 342, 380, 170, 212, 1
images/olives35.jpg, 380, 430, 205, 237, 1
images/olives35.jpg, 354, 402, 231, 271, 5
images/olives35.jpg, 417, 463, 157, 191, 1
images/olives35.jpg, 434, 484, 124, 162, 4
images/olives35.jpg, 503, 533, 55, 77, 1
images/olives35.jpg, 510, 538, 24, 50, 2
images/olives35.jpg, 409, 445, 268, 298, 2
images/olives35.jpg, 450, 496, 232, 264, 1
images/olives35.jpg, 434, 458, 225, 247, 5
images/olives35.jpg, 462, 504, 215, 245, 1
images/olives35.jpg, 498, 534, 246, 270, 1
images/olives35.jpg, 478, 524, 261, 299, 4
images/olives35.jpg, 454, 506, 299, 335, 5
images/olives35.jpg, 426, 464, 334, 374, 2
images/olives35.jpg, 408, 444, 328, 360, 1
images/olives35.jpg, 488, 506, 46, 68, 1
images/olives35.jpg, 574, 600, 133, 171, 1
images/olives35.jpg, 552, 576, 159, 179, 5
images/olives35.jpg, 544, 572, 223, 247, 5
images/olives35.jpg, 561, 589, 188, 218, 5
images/olives35.jpg, 542, 582, 266, 298, 2
images/olives35.jpg, 514, 546, 347, 379, 3
images/olives36.jpg, 35, 65, 466, 514, 1
images/olives36.jpg, 64, 96, 518, 558, 1
images/olives36.jpg, 89, 107, 520, 556, 1
images/olives36.jpg, 78, 114, 557, 607, 1
images/olives36.jpg, 125, 159, 446, 488, 1
images/olives36.jpg, 121, 159, 509, 553, 1
images/olives36.jpg, 156, 184, 347, 393, 1
images/olives36.jpg, 178, 214, 368, 412, 1
images/olives36.jpg, 187, 219, 325, 369, 1
images/olives36.jpg, 211, 251, 348, 396, 1
images/olives36.jpg, 205, 231, 495, 543, 1
images/olives36.jpg, 157, 187, 700, 746, 1
images/olives36.jpg, 158, 188, 741, 785, 1
images/olives36.jpg, 139, 165, 736, 776, 1
images/olives36.jpg, 270, 306, 233, 287, 1
images/olives36.jpg, 326, 364, 428, 476, 1
images/olives36.jpg, 317, 355, 271, 315, 1
images/olives36.jpg, 337, 389, 234, 286, 1
images/olives36.jpg, 324, 370, 184, 228, 1
images/olives36.jpg, 435, 469, 107, 165, 1
images/olives36.jpg, 356, 394, 502, 550, 1
images/olives36.jpg, 365, 403, 461, 507, 1
images/olives36.jpg, 282, 318, 495, 535, 1
images/olives36.jpg, 383, 423, 381, 443, 1
images/olives36.jpg, 369, 411, 528, 576, 1
images/olives36.jpg, 407, 451, 628, 684, 1
images/olives36.jpg, 403, 441, 459, 513, 1
images/olives36.jpg, 434, 468, 464, 520, 1
images/olives36.jpg, 423, 461, 510, 564, 1
images/olives36.jpg, 476, 508, 486, 536, 1
images/olives36.jpg, 505, 539, 500, 552, 1
images/olives36.jpg, 506, 544, 465, 509, 1
images/olives36.jpg, 520, 544, 701, 743, 1
images/olives37.jpg, 7, 53, 89, 139, 2
images/olives37.jpg, 0, 42, 0, 36, 2
images/olives37.jpg, 283, 347, 0, 36, 2
images/olives37.jpg, 228, 294, 132, 190, 3
images/olives37.jpg, 193, 247, 197, 251, 2
images/olives37.jpg, 217, 281, 214, 264, 2
images/olives37.jpg, 192, 236, 159, 209, 1
images/olives37.jpg, 272, 320, 155, 207, 3
images/olives37.jpg, 326, 400, 119, 171, 2
images/olives37.jpg, 374, 438, 157, 199, 2
images/olives37.jpg, 271, 339, 303, 363, 1
images/olives37.jpg, 248, 294, 323, 377, 1
images/olives37.jpg, 257, 331, 437, 489, 1
images/olives37.jpg, 313, 381, 374, 424, 1
images/olives37.jpg, 338, 384, 418, 470, 1
images/olives37.jpg, 397, 461, 334, 382, 2
images/olives37.jpg, 317, 425, 551, 613, 1
images/olives37.jpg, 490, 558, 361, 403, 2
images/olives37.jpg, 489, 553, 399, 441, 3
images/olives37.jpg, 525, 593, 432, 478, 3
images/olives37.jpg, 338, 406, 610, 660, 2
images/olives37.jpg, 499, 577, 694, 770, 2
images/olives37.jpg, 551, 597, 537, 587, 2
images/olives38.jpg, 113, 167, 412, 446, 1
images/olives38.jpg, 143, 183, 440, 482, 3
images/olives38.jpg, 192, 242, 365, 401, 1
images/olives38.jpg, 229, 277, 415, 451, 2
images/olives38.jpg, 198, 244, 398, 430, 2
images/olives38.jpg, 193, 237, 428, 462, 1
images/olives38.jpg, 119, 155, 467, 503, 1
images/olives38.jpg, 99, 135, 456, 484, 2
images/olives38.jpg, 5, 53, 419, 459, 2
images/olives38.jpg, 0, 28, 508, 542, 1
images/olives38.jpg, 0, 20, 613, 647, 1
images/olives38.jpg, 0, 22, 578, 612, 3
images/olives38.jpg, 96, 140, 510, 546, 1
images/olives38.jpg, 71, 111, 525, 561, 1
images/olives38.jpg, 90, 138, 620, 656, 1
images/olives38.jpg, 85, 133, 648, 680, 1
images/olives38.jpg, 139, 179, 674, 708, 1
images/olives38.jpg, 178, 230, 647, 685, 1
images/olives38.jpg, 214, 262, 772, 800, 1
images/olives38.jpg, 241, 295, 593, 627, 1
images/olives38.jpg, 265, 319, 634, 680, 1
images/olives38.jpg, 318, 358, 733, 769, 1
images/olives38.jpg, 283, 321, 718, 748, 1
images/olives38.jpg, 295, 339, 746, 780, 1
images/olives38.jpg, 358, 406, 416, 456, 1
images/olives38.jpg, 379, 423, 462, 492, 1
images/olives38.jpg, 336, 384, 455, 485, 1
images/olives38.jpg, 350, 404, 492, 528, 1
images/olives38.jpg, 406, 450, 539, 569, 2
images/olives38.jpg, 426, 468, 495, 527, 1
images/olives38.jpg, 412, 456, 376, 410, 1
images/olives38.jpg, 446, 500, 401, 439, 1
images/olives38.jpg, 459, 503, 582, 618, 1
images/olives38.jpg, 294, 348, 600, 634, 1
images/olives38.jpg, 378, 430, 578, 612, 1
images/olives38.jpg, 452, 508, 734, 772, 4
images/olives38.jpg, 494, 550, 361, 395, 1
images/olives38.jpg, 519, 565, 321, 359, 1
images/olives38.jpg, 533, 589, 393, 431, 2
images/olives38.jpg, 503, 551, 532, 562, 1
images/olives38.jpg, 501, 543, 502, 530, 2
images/olives39.jpg, 68, 146, 343, 423, 1
images/olives39.jpg, 5, 53, 503, 553, 1
images/olives39.jpg, 23, 85, 552, 592, 1
images/olives39.jpg, 48, 96, 589, 631, 1
images/olives39.jpg, 85, 115, 608, 640, 1
images/olives39.jpg, 10, 34, 603, 621, 1
images/olives39.jpg, 111, 177, 556, 606, 1
images/olives39.jpg, 137, 187, 738, 784, 1
images/olives39.jpg, 188, 240, 510, 546, 1
images/olives39.jpg, 244, 284, 528, 578, 1
images/olives39.jpg, 212, 252, 575, 633, 1
images/olives39.jpg, 251, 305, 597, 655, 1
images/olives39.jpg, 270, 316, 500, 536, 1
images/olives39.jpg, 128, 176, 605, 639, 1
images/olives39.jpg, 242, 270, 753, 785, 1
images/olives39.jpg, 305, 365, 605, 669, 1
images/olives39.jpg, 358, 418, 622, 678, 1
images/olives39.jpg, 474, 552, 321, 375, 1
images/olives39.jpg, 492, 552, 280, 332, 1
images/olives39.jpg, 285, 355, 294, 354, 1
images/olives39.jpg, 321, 395, 255, 317, 1
images/olives39.jpg, 399, 467, 340, 404, 1
images/olives39.jpg, 390, 444, 373, 423, 1
images/olives39.jpg, 27, 83, 209, 251, 1
images/olives40.jpg, 188, 236, 396, 436, 2
images/olives40.jpg, 172, 198, 401, 427, 2
images/olives40.jpg, 286, 348, 377, 419, 2
images/olives40.jpg, 289, 349, 419, 469, 2
images/olives40.jpg, 321, 365, 351, 381, 2
images/olives40.jpg, 272, 300, 383, 415, 2
images/olives40.jpg, 222, 268, 255, 291, 2
images/olives40.jpg, 19, 51, 648, 680, 2
images/olives40.jpg, 25, 59, 635, 659, 1
images/olives40.jpg, 51, 79, 584, 608, 1
images/olives40.jpg, 101, 135, 476, 508, 2
images/olives40.jpg, 77, 127, 312, 358, 2
images/olives40.jpg, 137, 187, 71, 109, 2
images/olives40.jpg, 157, 207, 117, 159, 2
images/olives40.jpg, 192, 236, 143, 179, 1
images/olives40.jpg, 562, 600, 588, 622, 2
images/olives40.jpg, 345, 373, 122, 148, 2
images/olives40.jpg, 436, 492, 150, 190, 1
images/olives40.jpg, 332, 386, 254, 296, 1
images/olives40.jpg, 437, 477, 317, 341, 2
images/olives40.jpg, 496, 532, 315, 341, 2
images/olives40.jpg, 379, 417, 311, 339, 1
images/olives40.jpg, 542, 568, 464, 488, 1
images/olives40.jpg, 460, 482, 510, 532, 2
images/olives41.jpg, 544, 564, 27, 47, 1
images/olives41.jpg, 534, 564, 39, 59, 1
images/olives41.jpg, 508, 532, 80, 100, 2
images/olives41.jpg, 508, 532, 62, 80, 2
images/olives41.jpg, 494, 514, 50, 68, 2
images/olives41.jpg, 455, 483, 143, 163, 2
images/olives41.jpg, 461, 485, 163, 179, 2
images/olives41.jpg, 529, 547, 168, 186, 2
images/olives41.jpg, 514, 530, 134, 150, 2
images/olives41.jpg, 409, 429, 14, 30, 1
images/olives41.jpg, 388, 418, 23, 43, 2
images/olives41.jpg, 303, 325, 75, 95, 2
images/olives41.jpg, 302, 330, 103, 125, 2
images/olives41.jpg, 348, 370, 160, 180, 2
images/olives41.jpg, 338, 358, 177, 197, 2
images/olives41.jpg, 400, 424, 162, 178, 1
images/olives41.jpg, 432, 450, 202, 224, 2
images/olives41.jpg, 424, 442, 214, 232, 2
images/olives41.jpg, 398, 414, 0, 14, 1
images/olives41.jpg, 527, 541, 316, 328, 3
images/olives41.jpg, 537, 551, 329, 341, 2
images/olives41.jpg, 558, 572, 328, 340, 1
images/olives41.jpg, 552, 568, 338, 350, 2
images/olives41.jpg, 467, 481, 293, 303, 1
images/olives41.jpg, 465, 481, 335, 345, 2
images/olives41.jpg, 465, 479, 345, 355, 2
images/olives41.jpg, 459, 473, 360, 372, 1
images/olives41.jpg, 474, 490, 383, 395, 1
images/olives41.jpg, 487, 505, 383, 395, 1
images/olives41.jpg, 437, 451, 276, 286, 1
images/olives41.jpg, 435, 451, 285, 295, 1
images/olives41.jpg, 470, 488, 401, 413, 2
images/olives41.jpg, 465, 479, 450, 462, 1
images/olives41.jpg, 467, 481, 461, 473, 1
images/olives41.jpg, 464, 482, 475, 487, 1
images/olives41.jpg, 453, 473, 486, 498, 1
images/olives41.jpg, 440, 456, 465, 477, 1
images/olives41.jpg, 449, 463, 470, 482, 1
images/olives41.jpg, 462, 474, 444, 452, 1
images/olives41.jpg, 454, 466, 448, 458, 1
images/olives41.jpg, 406, 422, 431, 443, 1
images/olives41.jpg, 392, 402, 433, 445, 1
images/olives41.jpg, 395, 413, 475, 487, 1
images/olives41.jpg, 411, 427, 490, 500, 2
images/olives41.jpg, 394, 406, 494, 504, 2
images/olives41.jpg, 351, 367, 439, 451, 2
images/olives41.jpg, 367, 383, 400, 412, 1
images/olives41.jpg, 421, 437, 356, 370, 2
images/olives41.jpg, 413, 431, 333, 347, 2
images/olives41.jpg, 374, 390, 313, 327, 2
images/olives41.jpg, 389, 407, 328, 338, 2
images/olives41.jpg, 383, 399, 320, 332, 2
images/olives41.jpg, 396, 416, 342, 356, 2
images/olives41.jpg, 412, 428, 346, 358, 2
images/olives41.jpg, 400, 416, 357, 371, 2
images/olives41.jpg, 372, 386, 348, 358, 1
images/olives41.jpg, 380, 394, 365, 377, 2
images/olives41.jpg, 378, 392, 377, 389, 2
images/olives41.jpg, 74, 92, 11, 23, 1
images/olives41.jpg, 201, 229, 6, 30, 1
images/olives41.jpg, 196, 216, 36, 58, 1
images/olives41.jpg, 244, 274, 82, 104, 1
images/olives41.jpg, 209, 227, 154, 170, 1
images/olives41.jpg, 215, 231, 166, 184, 2
images/olives41.jpg, 227, 249, 155, 169, 1
images/olives41.jpg, 147, 169, 78, 98, 1
images/olives41.jpg, 153, 175, 145, 163, 1
images/olives41.jpg, 153, 179, 180, 198, 1
images/olives41.jpg, 50, 68, 113, 133, 1
images/olives41.jpg, 87, 115, 123, 141, 1
images/olives41.jpg, 101, 127, 172, 192, 1
images/olives41.jpg, 115, 139, 228, 246, 1
images/olives41.jpg, 26, 44, 172, 184, 1
images/olives41.jpg, 23, 41, 195, 207, 1
images/olives41.jpg, 15, 37, 231, 243, 1
images/olives41.jpg, 16, 30, 296, 308, 1
images/olives41.jpg, 15, 35, 305, 317, 1
images/olives41.jpg, 119, 135, 321, 333, 1
images/olives41.jpg, 127, 151, 349, 365, 1
images/olives41.jpg, 159, 173, 235, 251, 2
images/olives41.jpg, 175, 197, 238, 250, 1
images/olives41.jpg, 219, 235, 236, 250, 2
images/olives41.jpg, 209, 229, 250, 264, 2
images/olives41.jpg, 240, 258, 249, 261, 1
images/olives41.jpg, 230, 244, 265, 277, 2
images/olives41.jpg, 241, 255, 265, 277, 1
images/olives41.jpg, 257, 271, 262, 274, 1
images/olives41.jpg, 282, 298, 258, 272, 2
images/olives41.jpg, 168, 184, 342, 358, 2
images/olives41.jpg, 214, 230, 289, 301, 2
images/olives41.jpg, 201, 217, 274, 284, 2
images/olives41.jpg, 198, 214, 328, 342, 2
images/olives41.jpg, 183, 201, 323, 337, 2
images/olives41.jpg, 187, 201, 300, 314, 2
images/olives41.jpg, 188, 210, 309, 321, 1
images/olives41.jpg, 197, 211, 346, 364, 1
images/olives41.jpg, 211, 225, 354, 366, 1
images/olives41.jpg, 171, 191, 405, 417, 1
images/olives41.jpg, 188, 204, 445, 457, 1
images/olives41.jpg, 101, 115, 473, 485, 1
images/olives41.jpg, 107, 129, 462, 478, 1
images/olives41.jpg, 233, 245, 492, 504, 1
images/olives41.jpg, 232, 248, 504, 516, 1
images/olives41.jpg, 272, 292, 315, 327, 1
images/olives41.jpg, 292, 312, 266, 278, 1
images/olives41.jpg, 340, 362, 296, 310, 2
images/olives41.jpg, 340, 362, 311, 323, 2
images/olives41.jpg, 317, 331, 303, 317, 2
images/olives41.jpg, 278, 294, 304, 316, 2
images/olives41.jpg, 238, 252, 302, 314, 1
images/olives41.jpg, 275, 291, 340, 350, 1
images/olives41.jpg, 254, 272, 349, 359, 1
images/olives41.jpg, 274, 288, 355, 367, 1
images/olives41.jpg, 269, 287, 408, 418, 2
images/olives41.jpg, 279, 297, 419, 433, 1
images/olives41.jpg, 280, 296, 435, 443, 1
images/olives41.jpg, 305, 321, 466, 476, 1
images/olives41.jpg, 289, 301, 445, 455, 1
images/olives41.jpg, 356, 374, 384, 394, 2
images/olives41.jpg, 296, 312, 334, 344, 2
images/olives41.jpg, 312, 330, 364, 376, 2
images/olives41.jpg, 318, 334, 349, 361, 1
images/olives41.jpg, 330, 342, 374, 386, 2
images/olives41.jpg, 339, 351, 380, 390, 2
images/olives41.jpg, 335, 349, 398, 412, 2
images/olives42.jpg, 429, 487, 20, 72, 2
images/olives42.jpg, 347, 405, 146, 190, 2
images/olives42.jpg, 415, 477, 282, 334, 2
images/olives42.jpg, 457, 525, 255, 297, 1
images/olives42.jpg, 506, 566, 232, 272, 1
images/olives42.jpg, 527, 583, 264, 306, 1
images/olives42.jpg, 548, 600, 135, 175, 2
images/olives42.jpg, 461, 509, 150, 198, 2
images/olives42.jpg, 447, 493, 191, 241, 2
images/olives42.jpg, 488, 534, 188, 230, 2
images/olives42.jpg, 211, 267, 260, 300, 2
images/olives42.jpg, 320, 368, 357, 405, 2
images/olives42.jpg, 311, 361, 399, 449, 2
images/olives42.jpg, 241, 299, 370, 402, 1
images/olives42.jpg, 255, 311, 398, 434, 1
images/olives42.jpg, 268, 314, 432, 468, 1
images/olives42.jpg, 213, 269, 428, 476, 4
images/olives42.jpg, 227, 267, 395, 437, 2
images/olives42.jpg, 196, 246, 246, 284, 1
images/olives42.jpg, 204, 246, 166, 208, 2
images/olives42.jpg, 239, 285, 194, 230, 2
images/olives42.jpg, 240, 274, 135, 159, 1
images/olives42.jpg, 226, 264, 124, 150, 1
images/olives42.jpg, 98, 148, 24, 60, 1
images/olives42.jpg, 20, 60, 275, 307, 2
images/olives42.jpg, 18, 60, 304, 344, 3
images/olives42.jpg, 54, 98, 294, 332, 1
images/olives42.jpg, 68, 124, 354, 392, 1
images/olives42.jpg, 191, 231, 590, 626, 1
images/olives42.jpg, 191, 231, 654, 696, 2
images/olives42.jpg, 172, 202, 652, 694, 3
images/olives42.jpg, 194, 232, 620, 654, 1
images/olives42.jpg, 213, 261, 629, 665, 1
images/olives42.jpg, 222, 272, 694, 730, 2
images/olives42.jpg, 270, 314, 672, 712, 1
images/olives42.jpg, 380, 442, 721, 773, 1
images/olives42.jpg, 457, 515, 687, 737, 3
images/olives42.jpg, 389, 435, 649, 699, 1
images/olives43.jpg, 514, 538, 0, 12, 3
images/olives43.jpg, 520, 540, 12, 34, 2
images/olives43.jpg, 529, 551, 3, 23, 4
images/olives43.jpg, 498, 520, 18, 38, 3
images/olives43.jpg, 489, 509, 1, 19, 3
images/olives43.jpg, 508, 526, 30, 50, 3
images/olives43.jpg, 579, 599, 23, 41, 3
images/olives43.jpg, 566, 586, 46, 64, 4
images/olives43.jpg, 565, 585, 63, 81, 4
images/olives43.jpg, 537, 557, 82, 102, 2
images/olives43.jpg, 536, 560, 104, 126, 2
images/olives43.jpg, 566, 586, 116, 134, 4
images/olives43.jpg, 452, 474, 79, 99, 3
images/olives43.jpg, 474, 496, 88, 110, 2
images/olives43.jpg, 461, 481, 100, 120, 2
images/olives43.jpg, 443, 463, 113, 139, 2
images/olives43.jpg, 476, 498, 116, 136, 3
images/olives43.jpg, 468, 486, 132, 152, 2
images/olives43.jpg, 491, 511, 133, 155, 4
images/olives43.jpg, 443, 463, 196, 214, 2
images/olives43.jpg, 435, 455, 206, 226, 2
images/olives43.jpg, 476, 490, 192, 204, 1
images/olives43.jpg, 490, 506, 195, 207, 5
images/olives43.jpg, 521, 549, 219, 243, 4
images/olives43.jpg, 506, 528, 254, 274, 5
images/olives43.jpg, 517, 537, 282, 302, 3
images/olives43.jpg, 513, 527, 277, 291, 3
images/olives43.jpg, 549, 571, 272, 290, 2
images/olives43.jpg, 481, 509, 396, 422, 2
images/olives43.jpg, 510, 538, 383, 409, 4
images/olives43.jpg, 501, 531, 368, 392, 4
images/olives43.jpg, 501, 527, 405, 431, 2
images/olives43.jpg, 525, 547, 385, 413, 4
images/olives43.jpg, 541, 571, 399, 425, 4
images/olives43.jpg, 523, 543, 411, 429, 1
images/olives43.jpg, 532, 548, 419, 447, 4
images/olives43.jpg, 558, 584, 430, 450, 4
images/olives43.jpg, 419, 443, 192, 210, 2
images/olives43.jpg, 444, 472, 318, 346, 3
images/olives43.jpg, 427, 451, 331, 357, 3
images/olives43.jpg, 440, 468, 352, 378, 3
images/olives43.jpg, 421, 441, 356, 380, 4
images/olives43.jpg, 391, 415, 395, 423, 4
images/olives43.jpg, 382, 408, 429, 457, 5
images/olives43.jpg, 376, 394, 451, 479, 4
images/olives43.jpg, 398, 426, 421, 445, 3
images/olives43.jpg, 386, 410, 377, 403, 3
images/olives43.jpg, 368, 394, 361, 389, 4
images/olives43.jpg, 350, 380, 345, 369, 4
images/olives43.jpg, 413, 439, 294, 320, 2
images/olives43.jpg, 410, 436, 272, 298, 3
images/olives43.jpg, 381, 409, 245, 269, 2
images/olives43.jpg, 360, 384, 255, 279, 2
images/olives43.jpg, 375, 397, 267, 287, 1
images/olives43.jpg, 366, 392, 294, 320, 1
images/olives43.jpg, 378, 398, 179, 201, 3
images/olives43.jpg, 339, 365, 288, 316, 2
images/olives43.jpg, 335, 359, 311, 335, 3
images/olives43.jpg, 381, 403, 134, 154, 3
images/olives43.jpg, 401, 421, 151, 167, 4
images/olives43.jpg, 398, 418, 164, 182, 3
images/olives43.jpg, 392, 408, 28, 46, 2
images/olives43.jpg, 338, 356, 33, 53, 3
images/olives43.jpg, 350, 366, 57, 73, 2
images/olives43.jpg, 350, 368, 89, 107, 2
images/olives43.jpg, 372, 390, 73, 91, 2
images/olives43.jpg, 260, 276, 65, 83, 3
images/olives43.jpg, 272, 286, 126, 144, 1
images/olives43.jpg, 263, 287, 170, 200, 2
images/olives43.jpg, 329, 351, 277, 299, 2
images/olives43.jpg, 295, 323, 292, 324, 4
images/olives43.jpg, 315, 343, 377, 403, 2
images/olives43.jpg, 296, 320, 371, 401, 3
images/olives43.jpg, 250, 278, 304, 328, 4
images/olives43.jpg, 247, 273, 333, 355, 3
images/olives43.jpg, 217, 243, 296, 316, 4
images/olives43.jpg, 236, 254, 280, 296, 4
images/olives43.jpg, 240, 268, 246, 272, 2
images/olives43.jpg, 212, 236, 200, 230, 2
images/olives43.jpg, 211, 235, 228, 254, 3
images/olives43.jpg, 195, 217, 212, 236, 2
images/olives43.jpg, 201, 221, 94, 114, 3
images/olives43.jpg, 197, 213, 160, 178, 2
images/olives43.jpg, 186, 210, 240, 262, 5
images/olives43.jpg, 185, 203, 227, 249, 3
images/olives43.jpg, 182, 196, 272, 290, 3
images/olives43.jpg, 139, 157, 218, 238, 2
images/olives43.jpg, 139, 157, 237, 255, 2
images/olives43.jpg, 120, 138, 259, 275, 3
images/olives43.jpg, 180, 198, 370, 390, 2
images/olives43.jpg, 126, 144, 314, 330, 5
images/olives43.jpg, 135, 153, 347, 367, 5
images/olives43.jpg, 137, 157, 368, 388, 5
images/olives43.jpg, 137, 161, 392, 410, 4
images/olives43.jpg, 170, 192, 429, 449, 3
images/olives43.jpg, 197, 217, 437, 459, 4
images/olives43.jpg, 56, 76, 114, 134, 2
images/olives43.jpg, 67, 85, 157, 173, 2
images/olives43.jpg, 78, 98, 175, 193, 2
images/olives43.jpg, 34, 52, 184, 200, 4
images/olives43.jpg, 47, 63, 196, 212, 4
images/olives43.jpg, 80, 94, 120, 134, 4
images/olives43.jpg, 104, 118, 118, 132, 4
images/olives43.jpg, 34, 54, 224, 242, 1
images/olives43.jpg, 55, 77, 226, 242, 4
images/olives43.jpg, 0, 14, 189, 201, 3
images/olives43.jpg, 13, 27, 105, 117, 5
images/olives43.jpg, 7, 21, 88, 102, 5
images/olives43.jpg, 30, 42, 270, 280, 4
images/olives43.jpg, 78, 96, 253, 269, 4
images/olives43.jpg, 81, 101, 284, 302, 2
images/olives43.jpg, 94, 110, 238, 252, 2
images/olives43.jpg, 42, 60, 369, 385, 5
images/olives43.jpg, 62, 80, 348, 366, 3
images/olives43.jpg, 99, 121, 321, 341, 3
images/olives43.jpg, 116, 136, 332, 354, 3
images/olives43.jpg, 56, 74, 394, 412, 5
images/olives43.jpg, 65, 91, 375, 393, 5
images/olives43.jpg, 66, 84, 427, 441, 5
images/olives43.jpg, 65, 83, 407, 425, 5
images/olives43.jpg, 54, 72, 445, 463, 4
images/olives43.jpg, 56, 74, 460, 476, 3
images/olives43.jpg, 95, 109, 405, 421, 5
images/olives43.jpg, 85, 95, 405, 421, 3
images/olives43.jpg, 84, 96, 422, 438, 4
images/olives43.jpg, 86, 98, 440, 454, 5
images/olives43.jpg, 411, 427, 522, 540, 1
images/olives43.jpg, 424, 444, 608, 624, 4
images/olives43.jpg, 416, 430, 595, 609, 3
images/olives43.jpg, 408, 424, 591, 605, 3
images/olives43.jpg, 393, 409, 588, 606, 2
images/olives43.jpg, 395, 409, 604, 618, 5
images/olives43.jpg, 378, 392, 584, 600, 5
images/olives43.jpg, 372, 390, 559, 573, 3
images/olives43.jpg, 373, 389, 574, 584, 5
images/olives43.jpg, 364, 384, 584, 602, 5
images/olives43.jpg, 358, 374, 567, 583, 2
images/olives43.jpg, 351, 373, 543, 561, 3
images/olives43.jpg, 346, 364, 586, 604, 4
images/olives43.jpg, 350, 366, 576, 594, 4
images/olives43.jpg, 330, 354, 550, 568, 3
images/olives43.jpg, 316, 336, 592, 614, 5
images/olives43.jpg, 313, 335, 575, 593, 4
images/olives43.jpg, 313, 333, 563, 579, 4
images/olives43.jpg, 293, 315, 546, 566, 4
images/olives43.jpg, 310, 332, 533, 551, 5
images/olives43.jpg, 271, 293, 511, 531, 3
images/olives43.jpg, 273, 295, 495, 513, 3
images/olives43.jpg, 253, 273, 514, 536, 1
images/olives43.jpg, 199, 217, 640, 660, 3
images/olives43.jpg, 205, 221, 618, 634, 4
images/olives43.jpg, 190, 206, 621, 637, 4
images/olives43.jpg, 239, 259, 554, 572, 5
images/olives43.jpg, 231, 247, 576, 588, 5
images/olives43.jpg, 217, 231, 564, 584, 3
images/olives43.jpg, 210, 226, 549, 565, 5
images/olives43.jpg, 195, 213, 518, 536, 4
images/olives43.jpg, 188, 208, 542, 558, 4
images/olives43.jpg, 193, 209, 557, 575, 5
images/olives43.jpg, 183, 197, 531, 547, 2
images/olives43.jpg, 174, 194, 515, 535, 3
images/olives43.jpg, 169, 185, 501, 517, 2
images/olives43.jpg, 156, 174, 516, 530, 4
images/olives43.jpg, 161, 177, 539, 553, 5
images/olives43.jpg, 164, 186, 475, 493, 3
images/olives43.jpg, 174, 190, 447, 463, 3
images/olives43.jpg, 169, 185, 462, 476, 2
images/olives43.jpg, 161, 177, 452, 470, 2
images/olives43.jpg, 141, 157, 449, 465, 2
images/olives43.jpg, 143, 161, 488, 502, 4
images/olives43.jpg, 144, 160, 503, 517, 4
images/olives43.jpg, 137, 153, 532, 550, 5
images/olives43.jpg, 151, 165, 526, 542, 5
images/olives43.jpg, 140, 154, 518, 538, 4
images/olives43.jpg, 127, 141, 471, 487, 2
images/olives43.jpg, 112, 128, 499, 517, 5
images/olives44.jpg, 541, 571, 518, 550, 2
images/olives44.jpg, 544, 576, 444, 472, 2
images/olives44.jpg, 434, 464, 562, 586, 2
images/olives44.jpg, 506, 542, 750, 786, 2
images/olives44.jpg, 552, 576, 726, 746, 3
images/olives44.jpg, 554, 578, 314, 338, 1
images/olives44.jpg, 522, 546, 278, 306, 2
images/olives44.jpg, 495, 519, 304, 324, 2
images/olives44.jpg, 588, 600, 342, 362, 2
images/olives44.jpg, 586, 600, 360, 384, 1
images/olives44.jpg, 544, 572, 114, 150, 2
images/olives44.jpg, 566, 588, 134, 156, 1
images/olives44.jpg, 464, 488, 272, 296, 2
images/olives44.jpg, 467, 489, 768, 800, 2
images/olives44.jpg, 381, 409, 740, 766, 2
images/olives44.jpg, 360, 386, 718, 750, 2
images/olives44.jpg, 338, 362, 694, 714, 2
images/olives44.jpg, 352, 368, 717, 741, 3
images/olives44.jpg, 350, 370, 652, 672, 2
images/olives44.jpg, 336, 356, 662, 686, 2
images/olives44.jpg, 305, 327, 704, 724, 3
images/olives44.jpg, 291, 309, 669, 687, 2
images/olives44.jpg, 260, 282, 631, 653, 4
images/olives44.jpg, 224, 248, 674, 704, 2
images/olives44.jpg, 226, 248, 718, 740, 1
images/olives44.jpg, 221, 243, 738, 762, 2
images/olives44.jpg, 190, 218, 765, 789, 2
images/olives44.jpg, 184, 210, 682, 706, 2
images/olives44.jpg, 170, 194, 631, 653, 2
images/olives44.jpg, 193, 215, 604, 622, 5
images/olives44.jpg, 130, 152, 729, 747, 5
images/olives44.jpg, 135, 153, 746, 766, 4
images/olives44.jpg, 143, 161, 613, 631, 5
images/olives44.jpg, 127, 145, 599, 617, 4
images/olives44.jpg, 121, 143, 624, 640, 5
images/olives44.jpg, 100, 120, 516, 532, 4
images/olives44.jpg, 170, 194, 527, 545, 4
images/olives44.jpg, 176, 196, 516, 532, 3
images/olives44.jpg, 153, 171, 546, 566, 4
images/olives44.jpg, 176, 196, 557, 575, 4
images/olives44.jpg, 271, 291, 460, 484, 5
images/olives44.jpg, 258, 280, 470, 490, 3
images/olives44.jpg, 303, 325, 468, 488, 5
images/olives44.jpg, 326, 346, 498, 518, 5
images/olives44.jpg, 346, 366, 486, 504, 1
images/olives44.jpg, 315, 341, 525, 547, 4
images/olives44.jpg, 286, 304, 324, 340, 4
images/olives44.jpg, 304, 324, 328, 348, 4
images/olives44.jpg, 290, 310, 338, 358, 4
images/olives44.jpg, 317, 337, 398, 418, 4
images/olives44.jpg, 325, 343, 388, 400, 5
images/olives44.jpg, 332, 346, 401, 421, 4
images/olives44.jpg, 337, 353, 368, 394, 2
images/olives44.jpg, 337, 353, 356, 372, 2
images/olives44.jpg, 266, 282, 315, 331, 4
images/olives44.jpg, 266, 284, 334, 350, 4
images/olives44.jpg, 294, 310, 361, 379, 4
images/olives44.jpg, 282, 298, 364, 380, 4
images/olives44.jpg, 279, 301, 381, 403, 3
images/olives44.jpg, 264, 284, 391, 413, 2
images/olives44.jpg, 275, 297, 405, 429, 3
images/olives44.jpg, 289, 311, 438, 462, 3
images/olives44.jpg, 410, 434, 198, 222, 2
images/olives44.jpg, 448, 472, 266, 290, 2
images/olives44.jpg, 425, 449, 357, 383, 3
images/olives44.jpg, 438, 462, 332, 350, 1
images/olives44.jpg, 388, 412, 329, 353, 1
images/olives44.jpg, 430, 450, 265, 289, 3
images/olives44.jpg, 407, 429, 315, 339, 2
images/olives44.jpg, 467, 485, 160, 184, 2
images/olives44.jpg, 305, 323, 228, 252, 2
images/olives44.jpg, 294, 318, 208, 228, 1
images/olives44.jpg, 532, 560, 82, 108, 3
images/olives44.jpg, 434, 458, 60, 84, 1
images/olives44.jpg, 422, 442, 36, 62, 2
images/olives44.jpg, 438, 462, 32, 56, 2
images/olives44.jpg, 438, 462, 12, 32, 1
images/olives44.jpg, 462, 480, 21, 39, 1
images/olives44.jpg, 411, 433, 68, 92, 2
images/olives44.jpg, 405, 427, 42, 62, 3
images/olives44.jpg, 404, 424, 24, 44, 2
images/olives44.jpg, 374, 400, 50, 74, 2
images/olives44.jpg, 366, 390, 36, 60, 2
images/olives44.jpg, 252, 276, 424, 450, 2
images/olives44.jpg, 301, 323, 75, 99, 2
images/olives44.jpg, 220, 244, 22, 42, 4
images/olives44.jpg, 216, 232, 34, 54, 4
images/olives44.jpg, 243, 261, 75, 101, 4
images/olives44.jpg, 260, 284, 72, 96, 5
images/olives44.jpg, 260, 278, 111, 135, 1
images/olives44.jpg, 334, 350, 124, 144, 1
images/olives44.jpg, 330, 354, 182, 210, 5
images/olives44.jpg, 336, 362, 172, 198, 2
images/olives44.jpg, 374, 398, 114, 134, 1
images/olives44.jpg, 366, 390, 130, 154, 1
images/olives44.jpg, 191, 213, 208, 230, 3
images/olives44.jpg, 207, 229, 234, 258, 3
images/olives44.jpg, 204, 228, 260, 284, 4
images/olives44.jpg, 224, 248, 215, 239, 4
images/olives44.jpg, 290, 308, 251, 269, 4
images/olives44.jpg, 236, 260, 360, 388, 3
images/olives44.jpg, 68, 84, 548, 568, 2
images/olives44.jpg, 67, 83, 570, 586, 4
images/olives44.jpg, 134, 154, 542, 562, 3
images/olives44.jpg, 58, 82, 491, 511, 5
images/olives44.jpg, 80, 96, 488, 504, 3
images/olives44.jpg, 160, 184, 384, 408, 3
images/olives44.jpg, 152, 172, 304, 324, 5
images/olives44.jpg, 92, 108, 311, 335, 4
images/olives44.jpg, 6, 24, 452, 472, 2
images/olives44.jpg, 22, 42, 453, 475, 3
images/olives44.jpg, 66, 82, 427, 443, 3
images/olives44.jpg, 0, 16, 304, 320, 4
images/olives44.jpg, 2, 18, 319, 335, 5
images/olives44.jpg, 2, 18, 517, 535, 1
images/olives44.jpg, 0, 16, 498, 514, 5
images/olives44.jpg, 3, 25, 627, 643, 4
images/olives45.jpg, 428, 482, 26, 68, 1
images/olives45.jpg, 346, 398, 146, 190, 1
images/olives45.jpg, 455, 495, 58, 92, 2
images/olives45.jpg, 432, 476, 73, 109, 1
images/olives45.jpg, 550, 600, 144, 176, 2
images/olives45.jpg, 467, 507, 152, 198, 1
images/olives45.jpg, 496, 536, 193, 229, 1
images/olives45.jpg, 448, 498, 190, 238, 1
images/olives45.jpg, 418, 476, 280, 338, 1
images/olives45.jpg, 462, 524, 252, 298, 2
images/olives45.jpg, 506, 564, 231, 269, 2
images/olives45.jpg, 529, 585, 267, 303, 1
images/olives45.jpg, 457, 525, 690, 732, 2
images/olives45.jpg, 392, 444, 722, 766, 2
images/olives45.jpg, 390, 440, 654, 696, 1
images/olives45.jpg, 237, 281, 202, 232, 2
images/olives45.jpg, 203, 251, 174, 210, 2
images/olives45.jpg, 240, 272, 136, 158, 1
images/olives45.jpg, 226, 264, 121, 147, 1
images/olives45.jpg, 93, 143, 26, 62, 1
images/olives45.jpg, 19, 65, 274, 306, 1
images/olives45.jpg, 16, 62, 303, 345, 3
images/olives45.jpg, 58, 98, 298, 334, 1
images/olives45.jpg, 66, 118, 350, 400, 1
images/olives45.jpg, 209, 261, 257, 301, 2
images/olives45.jpg, 192, 242, 246, 278, 1
images/olives45.jpg, 383, 433, 303, 349, 1
images/olives45.jpg, 318, 366, 366, 402, 1
images/olives45.jpg, 254, 304, 396, 436, 1
images/olives45.jpg, 309, 359, 402, 446, 2
images/olives45.jpg, 267, 313, 432, 468, 1
images/olives45.jpg, 218, 270, 430, 476, 4
images/olives45.jpg, 222, 258, 399, 435, 1
images/olives45.jpg, 241, 291, 368, 402, 1
images/olives45.jpg, 190, 230, 594, 620, 1
images/olives45.jpg, 212, 258, 630, 666, 1
images/olives45.jpg, 189, 229, 656, 696, 1
images/olives45.jpg, 194, 230, 618, 658, 1
images/olives45.jpg, 222, 272, 695, 729, 2
images/olives45.jpg, 173, 203, 655, 691, 2
images/olives45.jpg, 271, 311, 672, 700, 2
images/olives46.jpg, 557, 589, 8, 46, 3
images/olives46.jpg, 536, 572, 24, 54, 2
images/olives46.jpg, 538, 564, 0, 12, 1
images/olives46.jpg, 421, 449, 165, 187, 1
images/olives46.jpg, 415, 451, 187, 221, 1
images/olives46.jpg, 398, 420, 210, 236, 1
images/olives46.jpg, 431, 473, 242, 266, 2
images/olives46.jpg, 460, 504, 211, 245, 3
images/olives46.jpg, 508, 548, 217, 247, 4
images/olives46.jpg, 511, 551, 198, 226, 3
images/olives46.jpg, 508, 548, 243, 265, 4
images/olives46.jpg, 517, 553, 278, 304, 3
images/olives46.jpg, 497, 521, 334, 360, 3
images/olives46.jpg, 454, 486, 320, 358, 3
images/olives46.jpg, 422, 446, 305, 333, 2
images/olives46.jpg, 282, 318, 249, 287, 3
images/olives46.jpg, 340, 388, 297, 343, 3
images/olives46.jpg, 328, 368, 331, 367, 2
images/olives46.jpg, 353, 399, 349, 393, 4
images/olives46.jpg, 367, 413, 413, 453, 4
images/olives46.jpg, 430, 478, 381, 423, 3
images/olives46.jpg, 474, 516, 410, 450, 4
images/olives46.jpg, 470, 518, 499, 537, 4
images/olives46.jpg, 436, 478, 478, 520, 3
images/olives46.jpg, 448, 490, 575, 613, 3
images/olives46.jpg, 415, 461, 523, 559, 3
images/olives46.jpg, 398, 440, 579, 617, 3
images/olives46.jpg, 363, 405, 593, 635, 3
images/olives46.jpg, 372, 420, 511, 559, 3
images/olives46.jpg, 381, 415, 484, 512, 4
images/olives46.jpg, 344, 382, 494, 528, 2
images/olives46.jpg, 309, 353, 546, 564, 1
images/olives46.jpg, 307, 347, 518, 550, 2
images/olives46.jpg, 300, 352, 583, 623, 3
images/olives46.jpg, 240, 282, 594, 630, 2
images/olives46.jpg, 337, 377, 764, 800, 3
images/olives46.jpg, 308, 350, 762, 800, 4
images/olives46.jpg, 231, 281, 745, 785, 3
images/olives46.jpg, 230, 266, 660, 696, 3
images/olives46.jpg, 177, 229, 425, 467, 3
images/olives46.jpg, 201, 245, 394, 426, 1
images/olives46.jpg, 97, 139, 454, 504, 4
images/olives46.jpg, 106, 154, 546, 586, 1
images/olives46.jpg, 102, 142, 490, 532, 3
images/olives46.jpg, 112, 146, 603, 641, 1
images/olives46.jpg, 141, 187, 607, 647, 1
images/olives46.jpg, 180, 210, 644, 672, 1
images/olives46.jpg, 201, 239, 664, 694, 1
images/olives46.jpg, 177, 227, 762, 800, 3
images/olives46.jpg, 149, 199, 703, 741, 2
images/olives46.jpg, 140, 194, 739, 783, 4
images/olives46.jpg, 96, 150, 760, 800, 4
images/olives46.jpg, 49, 99, 745, 787, 4
images/olives46.jpg, 37, 87, 721, 763, 3
images/olives46.jpg, 50, 98, 683, 723, 3
images/olives46.jpg, 65, 103, 648, 672, 2
images/olives46.jpg, 56, 96, 666, 690, 3
images/olives46.jpg, 93, 141, 692, 730, 4
images/olives46.jpg, 33, 63, 648, 690, 1
images/olives46.jpg, 0, 38, 618, 664, 2
images/olives46.jpg, 87, 123, 275, 305, 3
images/olives46.jpg, 63, 97, 288, 326, 4
images/olives46.jpg, 18, 60, 379, 419, 4
images/olives46.jpg, 53, 89, 486, 526, 3
images/olives46.jpg, 35, 75, 460, 488, 4
images/olives47.jpg, 141, 197, 1, 51, 4
images/olives47.jpg, 233, 283, 69, 123, 5
images/olives47.jpg, 175, 225, 41, 89, 5
images/olives47.jpg, 199, 263, 5, 43, 5
images/olives47.jpg, 207, 257, 111, 139, 2
images/olives47.jpg, 256, 316, 119, 157, 5
images/olives47.jpg, 278, 352, 86, 130, 3
images/olives47.jpg, 283, 339, 41, 89, 4
images/olives47.jpg, 238, 286, 54, 82, 3
images/olives47.jpg, 0, 24, 1, 41, 2
images/olives47.jpg, 29, 73, 10, 54, 2
images/olives47.jpg, 71, 105, 0, 28, 2
images/olives47.jpg, 57, 113, 41, 75, 2
images/olives47.jpg, 23, 85, 98, 140, 3
images/olives47.jpg, 1, 27, 230, 258, 5
images/olives47.jpg, 18, 60, 244, 270, 5
images/olives47.jpg, 115, 147, 260, 292, 5
images/olives47.jpg, 148, 192, 270, 308, 5
images/olives47.jpg, 96, 142, 326, 356, 5
images/olives47.jpg, 212, 254, 417, 453, 4
images/olives47.jpg, 207, 253, 450, 500, 3
images/olives47.jpg, 348, 404, 223, 265, 5
images/olives47.jpg, 429, 475, 202, 236, 4
images/olives47.jpg, 408, 462, 300, 344, 5
images/olives47.jpg, 412, 454, 350, 394, 5
images/olives47.jpg, 316, 380, 313, 357, 5
images/olives47.jpg, 320, 364, 356, 410, 3
images/olives47.jpg, 339, 389, 395, 435, 4
images/olives47.jpg, 365, 413, 379, 417, 2
images/olives47.jpg, 329, 377, 410, 458, 4
images/olives47.jpg, 405, 453, 490, 526, 4
images/olives47.jpg, 286, 332, 460, 490, 5
images/olives47.jpg, 313, 367, 528, 566, 3
images/olives47.jpg, 267, 295, 554, 586, 2
images/olives47.jpg, 298, 336, 576, 610, 5
images/olives47.jpg, 249, 289, 453, 491, 3
images/olives47.jpg, 307, 337, 407, 447, 3
images/olives47.jpg, 249, 283, 416, 454, 3
images/olives47.jpg, 494, 548, 320, 354, 2
images/olives47.jpg, 546, 594, 282, 318, 1
images/olives47.jpg, 519, 555, 245, 267, 4
images/olives47.jpg, 518, 558, 220, 244, 3
images/olives47.jpg, 417, 455, 427, 461, 5
images/olives47.jpg, 443, 475, 379, 407, 5
images/olives47.jpg, 466, 502, 354, 382, 5
images/olives48.jpg, 73, 103, 70, 86, 1
images/olives48.jpg, 72, 102, 150, 172, 1
images/olives48.jpg, 101, 141, 175, 197, 1
images/olives48.jpg, 65, 91, 201, 221, 1
images/olives48.jpg, 50, 78, 245, 265, 1
images/olives48.jpg, 53, 81, 116, 136, 1
images/olives48.jpg, 112, 144, 261, 283, 1
images/olives48.jpg, 151, 185, 314, 338, 1
images/olives48.jpg, 51, 87, 502, 524, 1
images/olives48.jpg, 50, 78, 548, 568, 1
images/olives48.jpg, 10, 40, 585, 613, 1
images/olives48.jpg, 68, 98, 610, 634, 1
images/olives48.jpg, 183, 215, 570, 592, 1
images/olives48.jpg, 186, 224, 544, 566, 1
images/olives48.jpg, 117, 147, 442, 466, 1
images/olives48.jpg, 160, 194, 473, 501, 1
images/olives48.jpg, 184, 220, 460, 486, 1
images/olives48.jpg, 197, 229, 481, 505, 1
images/olives48.jpg, 200, 230, 429, 455, 1
images/olives48.jpg, 203, 245, 408, 432, 1
images/olives48.jpg, 179, 207, 413, 433, 1
images/olives48.jpg, 171, 199, 390, 412, 1
images/olives48.jpg, 216, 246, 458, 482, 1
images/olives48.jpg, 249, 275, 476, 504, 1
images/olives48.jpg, 266, 294, 521, 549, 1
images/olives48.jpg, 281, 309, 418, 442, 1
images/olives48.jpg, 323, 365, 220, 240, 1
images/olives48.jpg, 383, 413, 175, 195, 1
images/olives48.jpg, 381, 403, 191, 207, 1
images/olives48.jpg, 409, 441, 171, 191, 1
images/olives48.jpg, 412, 440, 155, 175, 1
images/olives48.jpg, 352, 378, 251, 271, 1
images/olives48.jpg, 371, 401, 243, 259, 1
images/olives48.jpg, 387, 417, 232, 248, 1
images/olives48.jpg, 380, 412, 222, 236, 1
images/olives48.jpg, 308, 340, 306, 324, 1
images/olives48.jpg, 320, 350, 263, 285, 1
images/olives48.jpg, 289, 339, 434, 458, 1
images/olives48.jpg, 320, 362, 383, 405, 1
images/olives48.jpg, 339, 379, 404, 424, 1
images/olives48.jpg, 344, 380, 430, 452, 1
images/olives48.jpg, 387, 417, 384, 406, 1
images/olives48.jpg, 356, 392, 357, 377, 1
images/olives48.jpg, 304, 348, 376, 388, 1
images/olives48.jpg, 334, 360, 372, 388, 1
images/olives48.jpg, 410, 442, 346, 366, 1
images/olives48.jpg, 319, 353, 481, 501, 1
images/olives48.jpg, 320, 370, 466, 488, 1
images/olives48.jpg, 309, 343, 496, 520, 1
images/olives48.jpg, 339, 371, 497, 521, 1
images/olives48.jpg, 405, 441, 442, 468, 1
images/olives48.jpg, 430, 452, 463, 489, 1
images/olives48.jpg, 435, 471, 448, 470, 1
images/olives48.jpg, 398, 428, 514, 544, 1
images/olives48.jpg, 282, 322, 592, 612, 1
images/olives48.jpg, 296, 330, 606, 624, 1
images/olives48.jpg, 279, 305, 620, 648, 1
images/olives48.jpg, 352, 378, 651, 679, 1
images/olives48.jpg, 370, 400, 643, 663, 1
images/olives48.jpg, 368, 396, 698, 722, 1
images/olives48.jpg, 375, 413, 669, 689, 1
images/olives48.jpg, 408, 442, 622, 642, 1
images/olives48.jpg, 443, 479, 667, 687, 1
images/olives48.jpg, 440, 462, 613, 641, 1
images/olives48.jpg, 483, 525, 589, 613, 1
images/olives48.jpg, 465, 499, 600, 620, 1
images/olives48.jpg, 490, 526, 613, 631, 1
images/olives48.jpg, 402, 428, 543, 567, 1
images/olives48.jpg, 505, 541, 661, 681, 1
images/olives48.jpg, 564, 600, 512, 532, 1
images/olives48.jpg, 542, 576, 674, 694, 1
images/olives48.jpg, 538, 580, 694, 714, 1
images/olives48.jpg, 573, 599, 703, 731, 1
images/olives48.jpg, 578, 600, 666, 686, 1
images/olives48.jpg, 566, 592, 732, 756, 1
images/olives48.jpg, 561, 591, 596, 616, 1
images/olives48.jpg, 518, 550, 602, 622, 1
images/olives48.jpg, 552, 582, 356, 376, 1
images/olives48.jpg, 570, 600, 445, 467, 1
images/olives48.jpg, 578, 600, 471, 493, 1
images/olives49.jpg, 35, 67, 161, 181, 2
images/olives49.jpg, 65, 85, 178, 198, 2
images/olives49.jpg, 50, 76, 131, 153, 1
images/olives49.jpg, 107, 141, 39, 59, 1
images/olives49.jpg, 107, 135, 9, 31, 2
images/olives49.jpg, 40, 70, 202, 224, 1
images/olives49.jpg, 8, 26, 194, 214, 2
images/olives49.jpg, 106, 138, 177, 201, 1
images/olives49.jpg, 59, 83, 227, 243, 1
images/olives49.jpg, 71, 101, 265, 291, 1
images/olives49.jpg, 101, 131, 244, 262, 1
images/olives49.jpg, 101, 131, 270, 290, 2
images/olives49.jpg, 9, 25, 82, 108, 1
images/olives49.jpg, 30, 58, 257, 273, 1
images/olives49.jpg, 44, 66, 360, 380, 1
images/olives49.jpg, 0, 18, 273, 293, 1
images/olives49.jpg, 0, 20, 373, 393, 1
images/olives49.jpg, 67, 93, 371, 389, 1
images/olives49.jpg, 54, 76, 423, 449, 2
images/olives49.jpg, 90, 122, 387, 405, 1
images/olives49.jpg, 75, 99, 423, 443, 1
images/olives49.jpg, 137, 167, 366, 382, 1
images/olives49.jpg, 201, 233, 263, 287, 1
images/olives49.jpg, 132, 152, 431, 445, 1
images/olives49.jpg, 132, 158, 410, 428, 1
images/olives49.jpg, 189, 207, 407, 433, 1
images/olives49.jpg, 187, 215, 389, 407, 1
images/olives49.jpg, 202, 230, 397, 413, 1
images/olives49.jpg, 167, 193, 362, 388, 1
images/olives49.jpg, 10, 46, 760, 786, 1
images/olives49.jpg, 84, 112, 710, 734, 1
images/olives49.jpg, 129, 153, 617, 641, 1
images/olives49.jpg, 138, 166, 641, 671, 1
images/olives49.jpg, 18, 36, 589, 611, 1
images/olives49.jpg, 74, 98, 579, 599, 1
images/olives49.jpg, 122, 142, 586, 602, 1
images/olives49.jpg, 196, 220, 517, 535, 1
images/olives49.jpg, 160, 190, 562, 584, 1
images/olives49.jpg, 261, 291, 486, 510, 1
images/olives49.jpg, 155, 187, 762, 790, 1
images/olives49.jpg, 108, 132, 756, 780, 1
images/olives49.jpg, 170, 204, 746, 774, 1
images/olives49.jpg, 163, 195, 721, 753, 1
images/olives49.jpg, 236, 260, 608, 634, 1
images/olives49.jpg, 232, 262, 768, 786, 1
images/olives49.jpg, 281, 305, 577, 601, 1
images/olives49.jpg, 287, 307, 595, 613, 1
images/olives49.jpg, 300, 332, 583, 605, 1
images/olives49.jpg, 290, 328, 560, 580, 1
images/olives49.jpg, 332, 366, 772, 796, 1
images/olives49.jpg, 312, 340, 754, 778, 1
images/olives49.jpg, 278, 302, 744, 760, 1
images/olives49.jpg, 319, 349, 737, 757, 1
images/olives49.jpg, 297, 317, 707, 727, 1
images/olives49.jpg, 311, 335, 695, 713, 1
images/olives49.jpg, 331, 355, 696, 716, 1
images/olives49.jpg, 358, 384, 710, 728, 1
images/olives49.jpg, 376, 398, 685, 699, 1
images/olives49.jpg, 373, 401, 671, 685, 1
images/olives49.jpg, 371, 393, 645, 671, 1
images/olives49.jpg, 390, 422, 637, 663, 1
images/olives49.jpg, 454, 486, 709, 727, 1
images/olives49.jpg, 421, 447, 698, 720, 1
images/olives49.jpg, 489, 519, 670, 698, 1
images/olives49.jpg, 501, 529, 699, 717, 1
images/olives49.jpg, 453, 477, 691, 705, 1
images/olives49.jpg, 455, 485, 665, 685, 1
images/olives49.jpg, 319, 341, 629, 645, 1
images/olives49.jpg, 308, 334, 671, 691, 1
images/olives49.jpg, 361, 385, 602, 622, 1
images/olives49.jpg, 381, 401, 592, 616, 1
images/olives49.jpg, 224, 246, 479, 503, 1
images/olives49.jpg, 358, 390, 451, 479, 1
images/olives49.jpg, 338, 370, 473, 493, 1
images/olives49.jpg, 378, 410, 477, 499, 1
images/olives49.jpg, 404, 428, 472, 494, 1
images/olives49.jpg, 333, 363, 386, 406, 1
images/olives49.jpg, 323, 349, 402, 422, 1
images/olives49.jpg, 289, 315, 374, 394, 1
images/olives49.jpg, 322, 350, 366, 386, 1
images/olives49.jpg, 346, 376, 395, 415, 2
images/olives49.jpg, 243, 269, 404, 424, 2
images/olives49.jpg, 256, 274, 421, 439, 1
images/olives49.jpg, 255, 279, 433, 453, 1
images/olives49.jpg, 205, 227, 349, 367, 1
images/olives49.jpg, 233, 261, 332, 352, 1
images/olives49.jpg, 241, 277, 313, 339, 1
images/olives49.jpg, 396, 420, 391, 415, 1
images/olives49.jpg, 237, 271, 269, 291, 1
images/olives49.jpg, 267, 295, 257, 281, 1
images/olives49.jpg, 290, 318, 281, 299, 1
images/olives49.jpg, 294, 326, 262, 282, 1
images/olives49.jpg, 289, 321, 243, 265, 1
images/olives49.jpg, 282, 314, 166, 184, 1
images/olives49.jpg, 301, 331, 158, 178, 1
images/olives49.jpg, 246, 264, 171, 195, 1
images/olives49.jpg, 232, 250, 171, 195, 1
images/olives49.jpg, 234, 262, 119, 141, 1
images/olives49.jpg, 328, 358, 222, 242, 1
images/olives49.jpg, 319, 349, 247, 269, 1
images/olives49.jpg, 292, 324, 202, 226, 1
images/olives49.jpg, 345, 379, 199, 221, 1
images/olives49.jpg, 326, 350, 175, 193, 1
images/olives49.jpg, 393, 427, 294, 318, 1
images/olives49.jpg, 357, 383, 235, 255, 1
images/olives49.jpg, 362, 384, 255, 269, 1
images/olives49.jpg, 362, 384, 148, 166, 1
images/olives49.jpg, 416, 436, 181, 197, 1
images/olives49.jpg, 510, 544, 203, 227, 1
images/olives49.jpg, 555, 593, 196, 222, 1
images/olives49.jpg, 508, 542, 305, 327, 1
images/olives49.jpg, 538, 562, 268, 288, 1
images/olives49.jpg, 563, 597, 156, 186, 1
images/olives50.jpg, 495, 519, 554, 572, 5
images/olives50.jpg, 493, 517, 539, 553, 2
images/olives50.jpg, 430, 450, 386, 402, 5
images/olives50.jpg, 373, 393, 377, 393, 5
images/olives50.jpg, 366, 390, 393, 411, 5
images/olives50.jpg, 381, 397, 388, 400, 5
images/olives50.jpg, 343, 369, 189, 207, 5
images/olives50.jpg, 384, 408, 114, 130, 5
images/olives50.jpg, 414, 438, 247, 263, 5
images/olives50.jpg, 383, 401, 122, 142, 5
images/olives50.jpg, 463, 481, 241, 253, 5
images/olives50.jpg, 469, 491, 228, 242, 4
images/olives50.jpg, 456, 470, 193, 205, 5
images/olives50.jpg, 467, 487, 184, 200, 5
images/olives50.jpg, 463, 479, 201, 213, 5
images/olives50.jpg, 277, 305, 227, 245, 5
images/olives50.jpg, 237, 271, 247, 263, 5
images/olives50.jpg, 180, 206, 173, 189, 5
images/olives50.jpg, 243, 269, 35, 53, 5
images/olives50.jpg, 177, 209, 103, 125, 3
images/olives50.jpg, 158, 182, 113, 131, 5
images/olives50.jpg, 82, 116, 124, 144, 5
images/olives50.jpg, 120, 144, 141, 159, 3
images/olives50.jpg, 75, 99, 211, 227, 5
images/olives50.jpg, 73, 101, 227, 239, 5
images/olives50.jpg, 20, 48, 141, 161, 3
images/olives50.jpg, 121, 145, 299, 325, 1
images/olives50.jpg, 206, 238, 239, 259, 4
images/olives50.jpg, 47, 73, 351, 369, 4
images/olives50.jpg, 54, 78, 391, 405, 5
images/olives50.jpg, 213, 235, 461, 477, 1
images/olives50.jpg, 111, 133, 487, 503, 5
images/olives50.jpg, 89, 117, 503, 517, 4
images/olives50.jpg, 162, 180, 341, 353, 1
images/olives50.jpg, 18, 38, 601, 613, 5
images/olives50.jpg, 13, 29, 611, 625, 5
images/olives51.jpg, 36, 76, 131, 183, 3
images/olives51.jpg, 75, 121, 180, 234, 4
images/olives51.jpg, 79, 113, 108, 156, 4
images/olives51.jpg, 97, 123, 17, 73, 4
images/olives51.jpg, 104, 140, 105, 153, 4
images/olives51.jpg, 135, 157, 72, 112, 4
images/olives51.jpg, 125, 159, 6, 42, 4
images/olives51.jpg, 157, 185, 38, 78, 4
images/olives51.jpg, 115, 151, 236, 290, 4
images/olives51.jpg, 109, 137, 200, 238, 4
images/olives51.jpg, 54, 78, 247, 283, 4
images/olives51.jpg, 65, 91, 303, 337, 4
images/olives51.jpg, 125, 155, 340, 384, 2
images/olives51.jpg, 166, 192, 371, 409, 3
images/olives51.jpg, 154, 190, 439, 489, 1
images/olives51.jpg, 193, 223, 448, 492, 4
images/olives51.jpg, 203, 231, 489, 537, 3
images/olives51.jpg, 235, 267, 249, 291, 3
images/olives51.jpg, 228, 252, 196, 234, 3
images/olives51.jpg, 228, 252, 169, 199, 3
images/olives51.jpg, 254, 284, 167, 201, 2
images/olives51.jpg, 290, 314, 264, 304, 3
images/olives51.jpg, 293, 333, 308, 356, 3
images/olives51.jpg, 263, 293, 387, 425, 4
images/olives51.jpg, 274, 292, 1, 27, 3
images/olives51.jpg, 216, 234, 8, 36, 4
images/olives51.jpg, 213, 233, 406, 456, 3
images/olives51.jpg, 131, 169, 123, 167, 4
images/olives51.jpg, 386, 428, 215, 271, 4
images/olives51.jpg, 328, 346, 26, 64, 2
images/olives51.jpg, 325, 341, 2, 26, 3
images/olives51.jpg, 353, 375, 31, 69, 3
images/olives51.jpg, 362, 382, 0, 24, 2
images/olives51.jpg, 380, 400, 23, 63, 2
images/olives51.jpg, 385, 409, 98, 126, 2
images/olives51.jpg, 420, 458, 71, 117, 4
images/olives51.jpg, 430, 456, 35, 67, 4
images/olives51.jpg, 416, 456, 279, 323, 4
images/olives51.jpg, 406, 430, 316, 372, 3
images/olives51.jpg, 339, 361, 160, 216, 4
images/olives51.jpg, 353, 377, 151, 197, 3
images/olives51.jpg, 317, 341, 183, 233, 2
images/olives51.jpg, 462, 496, 269, 311, 3
images/olives51.jpg, 477, 511, 282, 326, 4
images/olives51.jpg, 534, 560, 302, 352, 4
images/olives51.jpg, 529, 549, 259, 291, 3
images/olives51.jpg, 543, 581, 317, 373, 4
images/olives51.jpg, 552, 582, 205, 249, 4
images/olives51.jpg, 581, 599, 134, 170, 3
images/olives51.jpg, 572, 596, 180, 214, 3
images/olives51.jpg, 550, 576, 660, 690, 3
images/olives51.jpg, 539, 565, 694, 728, 4
images/olives51.jpg, 480, 504, 512, 550, 4
images/olives51.jpg, 471, 487, 645, 693, 4
images/olives51.jpg, 495, 519, 658, 696, 3
images/olives51.jpg, 500, 520, 698, 740, 4
images/olives51.jpg, 566, 590, 570, 608, 3
images/olives51.jpg, 543, 569, 618, 648, 3
images/olives51.jpg, 438, 466, 591, 623, 4
images/olives51.jpg, 435, 455, 627, 657, 3
images/olives51.jpg, 406, 434, 621, 655, 3
images/olives51.jpg, 397, 425, 654, 690, 3
images/olives51.jpg, 391, 415, 585, 625, 4
images/olives51.jpg, 252, 284, 637, 711, 3
images/olives51.jpg, 314, 342, 671, 721, 3
images/olives51.jpg, 369, 405, 637, 687, 3
images/olives51.jpg, 353, 389, 587, 643, 4
images/olives51.jpg, 283, 311, 610, 674, 4
images/olives51.jpg, 316, 334, 556, 614, 3
images/olives51.jpg, 367, 387, 454, 480, 3
images/olives51.jpg, 357, 377, 471, 503, 2
images/olives52.jpg, 0, 32, 100, 158, 1
images/olives52.jpg, 6, 40, 149, 197, 1
images/olives52.jpg, 17, 47, 266, 318, 1
images/olives52.jpg, 94, 122, 150, 194, 1
images/olives52.jpg, 86, 116, 110, 150, 1
images/olives52.jpg, 132, 160, 156, 200, 1
images/olives52.jpg, 159, 185, 24, 66, 1
images/olives52.jpg, 202, 230, 15, 55, 1
images/olives52.jpg, 170, 194, 45, 77, 1
images/olives52.jpg, 159, 175, 135, 161, 1
images/olives52.jpg, 194, 222, 199, 239, 1
images/olives52.jpg, 211, 229, 253, 277, 1
images/olives52.jpg, 210, 228, 286, 312, 1
images/olives52.jpg, 95, 115, 408, 436, 1
images/olives52.jpg, 23, 49, 464, 502, 1
images/olives52.jpg, 41, 73, 480, 520, 1
images/olives52.jpg, 62, 86, 510, 550, 1
images/olives52.jpg, 174, 202, 479, 521, 1
images/olives52.jpg, 87, 111, 548, 584, 1
images/olives52.jpg, 87, 111, 584, 614, 1
images/olives52.jpg, 57, 81, 582, 624, 1
images/olives52.jpg, 123, 155, 568, 612, 1
images/olives52.jpg, 155, 189, 577, 625, 1
images/olives52.jpg, 145, 171, 656, 698, 1
images/olives52.jpg, 166, 202, 625, 687, 1
images/olives52.jpg, 143, 167, 614, 654, 1
images/olives52.jpg, 250, 290, 441, 505, 1
images/olives52.jpg, 270, 302, 663, 721, 1
images/olives52.jpg, 235, 253, 255, 289, 1
images/olives52.jpg, 251, 269, 244, 260, 1
images/olives52.jpg, 259, 275, 229, 253, 1
images/olives52.jpg, 246, 266, 198, 226, 1
images/olives52.jpg, 177, 193, 258, 280, 1
images/olives52.jpg, 392, 430, 546, 604, 1
images/olives52.jpg, 422, 456, 676, 720, 1
images/olives52.jpg, 414, 436, 704, 734, 1
images/olives52.jpg, 457, 481, 685, 723, 1
images/olives52.jpg, 470, 492, 709, 741, 1
images/olives52.jpg, 574, 600, 323, 377, 1
images/olives52.jpg, 566, 600, 445, 521, 1
images/olives52.jpg, 522, 562, 401, 453, 1
images/olives52.jpg, 475, 511, 443, 511, 1
images/olives52.jpg, 441, 475, 435, 491, 1
images/olives52.jpg, 481, 521, 382, 434, 1
images/olives52.jpg, 517, 541, 353, 385, 1
images/olives52.jpg, 525, 547, 329, 361, 1
images/olives52.jpg, 504, 526, 305, 347, 1
images/olives52.jpg, 498, 520, 282, 314, 1
images/olives52.jpg, 457, 479, 365, 395, 1
images/olives52.jpg, 446, 472, 322, 364, 1
images/olives52.jpg, 389, 427, 397, 447, 1
images/olives52.jpg, 401, 435, 363, 409, 1
images/olives52.jpg, 379, 405, 231, 267, 1
images/olives52.jpg, 580, 600, 165, 209, 1
images/olives52.jpg, 507, 527, 148, 180, 1
images/olives52.jpg, 499, 523, 170, 200, 1
images/olives52.jpg, 470, 496, 86, 130, 1
images/olives52.jpg, 467, 487, 153, 189, 1
images/olives52.jpg, 451, 473, 137, 179, 1
images/olives52.jpg, 283, 321, 616, 664, 1
images/olives52.jpg, 344, 368, 349, 383, 1
images/olives52.jpg, 342, 372, 264, 312, 1
images/olives52.jpg, 361, 383, 332, 360, 1
images/olives52.jpg, 364, 386, 285, 325, 1
images/olives52.jpg, 314, 334, 468, 494, 1
images/olives52.jpg, 375, 407, 16, 50, 1
images/olives52.jpg, 365, 393, 50, 88, 1
images/olives52.jpg, 419, 433, 80, 118, 1
images/olives52.jpg, 363, 391, 125, 173, 1
images/olives52.jpg, 368, 398, 182, 222, 1
images/olives52.jpg, 350, 368, 194, 226, 1
images/olives52.jpg, 344, 362, 167, 193, 1
images/olives52.jpg, 331, 367, 226, 272, 1
images/olives52.jpg, 312, 328, 184, 224, 1
